category,goods_code,title,venue,start_date,end_date,price_info,booking_percent,rank,booking_url,image_url,ai_tags,crawled_at
콘서트/페스티벌,26010248,"2026 성시경 with friends ［자,오늘은］",올림픽 공원 88잔디마당,2026-09-05,2026-09-06,11,20.1%,1,https://tickets.interpark.com//ticket.interpark.com/Tiki/Main/TiKiGoodsinfo.asp?GoodsCode=26010248,//ticketimage.interpark.com/Play/image/large/26/26010248_p.gif,family:0.5;couple:0.95;single:0.9;콘서트/페스티벌;인터파크실시간,2026-07-26 16:53:09
콘서트/페스티벌,26009868,2026 임영웅 콘서트 ［IM HERO - THE STADIUM 2］,고양종합운동장 주경기장,2026-09-04,2026-09-06,10,6.8%,2,https://tickets.interpark.com//ticket.interpark.com/Tiki/Main/TiKiGoodsinfo.asp?GoodsCode=26009868,//ticketimage.interpark.com/Play/image/large/26/26009868_p.gif,family:0.5;couple:0.95;single:0.9;콘서트/페스티벌;인터파크실시간,2026-07-26 16:53:09
콘서트/페스티벌,26007850,싸이흠뻑쇼 SUMMERSWAG2026 - 대전,대전목원대학교 대운동장,2026-08-22,2026-08-23,10,5.1%,3,https://tickets.interpark.com//ticket.interpark.com/Tiki/Main/TiKiGoodsinfo.asp?GoodsCode=26007850,//ticketimage.interpark.com/Play/image/large/26/26007850_p.gif,family:0.5;couple:0.95;single:0.9;콘서트/페스티벌;인터파크실시간,2026-07-26 16:53:09
콘서트/페스티벌,26008422,Stray Kids World Tour 〈RUN IT SEOUL〉,KSPO DOME,2026-07-25,2026-08-02,10,4.9%,4,https://tickets.interpark.com//ticket.interpark.com/Tiki/Main/TiKiGoodsinfo.asp?GoodsCode=26008422,//ticketimage.interpark.com/Play/image/large/26/26008422_p.gif,family:0.5;couple:0.95;single:0.9;콘서트/페스티벌;인터파크실시간,2026-07-26 16:53:09
콘서트/페스티벌,26007845,싸이흠뻑쇼 SUMMERSWAG2026 - 부산,부산아시아드 주경기장,2026-08-15,2026-08-16,10,3.6%,5,https://tickets.interpark.com//ticket.interpark.com/Tiki/Main/TiKiGoodsinfo.asp?GoodsCode=26007845,//ticketimage.interpark.com/Play/image/large/26/26007845_p.gif,family:0.5;couple:0.95;single:0.9;콘서트/페스티벌;인터파크실시간,2026-07-26 16:53:09
콘서트/페스티벌,26006159,2026 인천펜타포트 락 페스티벌 with KB국민카드,송도달빛축제공원,2026-07-31,2026-08-02,9,3%,6,https://tickets.interpark.com//ticket.interpark.com/Tiki/Main/TiKiGoodsinfo.asp?GoodsCode=26006159,//ticketimage.interpark.com/Play/image/large/26/26006159_p.gif,family:0.5;couple:0.95;single:0.9;콘서트/페스티벌;인터파크실시간,2026-07-26 16:53:09
콘서트/페스티벌,26009383,2026 Asia Top Artist Festival,한강난지공원,2026-09-19,2026-09-20,9,2.1%,7,https://tickets.interpark.com//ticket.interpark.com/Tiki/Main/TiKiGoodsinfo.asp?GoodsCode=26009383,//ticketimage.interpark.com/Play/image/large/26/26009383_p.gif,family:0.5;couple:0.95;single:0.9;콘서트/페스티벌;인터파크실시간,2026-07-26 16:53:09
콘서트/페스티벌,26007870,싸이흠뻑쇼 SUMMERSWAG2026 - 광주,광주조선대학교 종합운동장,2026-08-08,2026-08-08,9,1.9%,8,https://tickets.interpark.com//ticket.interpark.com/Tiki/Main/TiKiGoodsinfo.asp?GoodsCode=26007870,//ticketimage.interpark.com/Play/image/large/26/26007870_p.gif,family:0.5;couple:0.95;single:0.9;콘서트/페스티벌;인터파크실시간,2026-07-26 16:53:09
콘서트/페스티벌,26008566,BOYNEXTDOOR TOUR ‘KNOCK ON Vol.2’ IN BUSAN,부산 사직실내체육관,2026-07-31,2026-08-02,9,1.9%,9,https://tickets.interpark.com//ticket.interpark.com/Tiki/Main/TiKiGoodsinfo.asp?GoodsCode=26008566,//ticketimage.interpark.com/Play/image/large/26/26008566_p.gif,family:0.5;couple:0.95;single:0.9;콘서트/페스티벌;인터파크실시간,2026-07-26 16:53:09
콘서트/페스티벌,26010721,그랜드 민트 페스티벌 2026,올림픽공원,2026-10-17,2026-10-18,9,1.5%,10,https://tickets.interpark.com//ticket.interpark.com/Tiki/Main/TiKiGoodsinfo.asp?GoodsCode=26010721,//ticketimage.interpark.com/Play/image/large/26/26010721_p.gif,family:0.5;couple:0.95;single:0.9;콘서트/페스티벌;인터파크실시간,2026-07-26 16:53:09
콘서트/페스티벌,26005759,찰리 푸스 내한공연,고양종합운동장 주경기장,2026-10-11,2026-10-11,9,1.5%,11,https://tickets.interpark.com//ticket.interpark.com/Tiki/Main/TiKiGoodsinfo.asp?GoodsCode=26005759,//ticketimage.interpark.com/Play/image/large/26/26005759_p.gif,family:0.5;couple:0.95;single:0.9;콘서트/페스티벌;인터파크실시간,2026-07-26 16:53:09
콘서트/페스티벌,26010333,옥토버페스트 서울 2026 일반석,문화비축기지,2026-09-12,2026-09-21,5,1.5%,11,https://tickets.interpark.com//ticket.interpark.com/Tiki/Main/TiKiGoodsinfo.asp?GoodsCode=26010333,//ticketimage.interpark.com/Play/image/large/26/26010333_p.gif,family:0.5;couple:0.95;single:0.9;콘서트/페스티벌;인터파크실시간,2026-07-26 16:53:09
콘서트/페스티벌,26007849,싸이흠뻑쇼 SUMMERSWAG2026 - 수원,수원월드컵경기장 보조경기장,2026-08-01,2026-08-02,9,1.4%,13,https://tickets.interpark.com//ticket.interpark.com/Tiki/Main/TiKiGoodsinfo.asp?GoodsCode=26007849,//ticketimage.interpark.com/Play/image/large/26/26007849_p.gif,family:0.5;couple:0.95;single:0.9;콘서트/페스티벌;인터파크실시간,2026-07-26 16:53:09
콘서트/페스티벌,26010264,2026 izna Concert Tour: WHO DAT GIRL？in SEOUL,올림픽공원 올림픽홀,2026-09-19,2026-09-20,9,1.4%,13,https://tickets.interpark.com//ticket.interpark.com/Tiki/Main/TiKiGoodsinfo.asp?GoodsCode=26010264,//ticketimage.interpark.com/Play/image/large/26/26010264_p.gif,family:0.5;couple:0.95;single:0.9;콘서트/페스티벌;인터파크실시간,2026-07-26 16:53:09
콘서트/페스티벌,26007444,2026 무명전설 전국투어 콘서트 - 부천,부천실내체육관,2026-09-05,2026-09-05,9,1.4%,15,https://tickets.interpark.com//ticket.interpark.com/Tiki/Main/TiKiGoodsinfo.asp?GoodsCode=26007444,//ticketimage.interpark.com/Play/image/large/26/26007444_p.gif,family:0.5;couple:0.95;single:0.9;콘서트/페스티벌;인터파크실시간,2026-07-26 16:53:09
콘서트/페스티벌,26010347,2026 SEO EUNKWANG 〈REC : Feel Alive〉,서울 어린이대공원 숲속의 무대,2026-07-26,2026-07-26,3,1.3%,16,https://tickets.interpark.com//ticket.interpark.com/Tiki/Main/TiKiGoodsinfo.asp?GoodsCode=26010347,//ticketimage.interpark.com/Play/image/large/26/26010347_p.gif,family:0.5;couple:0.95;single:0.9;콘서트/페스티벌;인터파크실시간,2026-07-26 16:53:09
콘서트/페스티벌,26009887,Young K Solo Tour 〈YOUNGEST〉 in INCHEON,INSPIRE ARENA,2026-08-14,2026-08-16,8,1.2%,17,https://tickets.interpark.com//ticket.interpark.com/Tiki/Main/TiKiGoodsinfo.asp?GoodsCode=26009887,//ticketimage.interpark.com/Play/image/large/26/26009887_p.gif,family:0.5;couple:0.95;single:0.9;콘서트/페스티벌;인터파크실시간,2026-07-26 16:53:09
콘서트/페스티벌,26008189,2026 PLAVE World Tour ［KEEP IT MANIC］ in Incheon,인천문학경기장 주경기장,2026-09-12,2026-09-13,8,1.2%,18,https://tickets.interpark.com//ticket.interpark.com/Tiki/Main/TiKiGoodsinfo.asp?GoodsCode=26008189,//ticketimage.interpark.com/Play/image/large/26/26008189_p.gif,family:0.5;couple:0.95;single:0.9;콘서트/페스티벌;인터파크실시간,2026-07-26 16:53:09
콘서트/페스티벌,26008537,쏜애플 콘서트 ‘나의 세기’ - 서울,올림픽공원 올림픽홀,2026-08-15,2026-08-16,8,1.2%,19,https://tickets.interpark.com//ticket.interpark.com/Tiki/Main/TiKiGoodsinfo.asp?GoodsCode=26008537,//ticketimage.interpark.com/Play/image/large/26/26008537_p.gif,family:0.5;couple:0.95;single:0.9;콘서트/페스티벌;인터파크실시간,2026-07-26 16:53:09
콘서트/페스티벌,26010154,벤슨 분 내한공연,킨텍스 제2전시장 10홀,2026-10-26,2026-10-26,8,1.1%,20,https://tickets.interpark.com//ticket.interpark.com/Tiki/Main/TiKiGoodsinfo.asp?GoodsCode=26010154,//ticketimage.interpark.com/Play/image/large/26/26010154_p.gif,family:0.5;couple:0.95;single:0.9;콘서트/페스티벌;인터파크실시간,2026-07-26 16:53:09
콘서트/페스티벌,26010407,［데뷔 60주년 기념공연］ 2026 남진 전국투어 콘서트 - 예산,예산군문예회관,2026-09-05,2026-09-05,8,1.1%,20,https://tickets.interpark.com//ticket.interpark.com/Tiki/Main/TiKiGoodsinfo.asp?GoodsCode=26010407,//ticketimage.interpark.com/Play/image/large/26/26010407_p.gif,family:0.5;couple:0.95;single:0.9;콘서트/페스티벌;인터파크실시간,2026-07-26 16:53:09
콘서트/페스티벌,26009656,MADLY MEDLEY 2026,문화비축기지,2026-09-05,2026-09-06,8,1%,22,https://tickets.interpark.com//ticket.interpark.com/Tiki/Main/TiKiGoodsinfo.asp?GoodsCode=26009656,//ticketimage.interpark.com/Play/image/large/26/26009656_p.gif,family:0.5;couple:0.95;single:0.9;콘서트/페스티벌;인터파크실시간,2026-07-26 16:53:09
콘서트/페스티벌,26009186,2026 HAHA FAN CONCERT - 부산,소향씨어터 우리은행홀,2026-08-22,2026-08-22,7,1%,22,https://tickets.interpark.com//ticket.interpark.com/Tiki/Main/TiKiGoodsinfo.asp?GoodsCode=26009186,//ticketimage.interpark.com/Play/image/large/26/26009186_p.gif,family:0.5;couple:0.95;single:0.9;콘서트/페스티벌;인터파크실시간,2026-07-26 16:53:09
콘서트/페스티벌,26009346,ENHYPEN WORLD TOUR ‘BLOOD SAGA’ IN BUSAN,부산 사직실내체육관,2026-08-08,2026-08-09,8,1%,24,https://tickets.interpark.com//ticket.interpark.com/Tiki/Main/TiKiGoodsinfo.asp?GoodsCode=26009346,//ticketimage.interpark.com/Play/image/large/26/26009346_p.gif,family:0.5;couple:0.95;single:0.9;콘서트/페스티벌;인터파크실시간,2026-07-26 16:53:09
콘서트/페스티벌,26007209,혜은이 ＇26 썸머파티,더굿씨어터,2026-07-04,2026-08-02,6,0.9%,25,https://tickets.interpark.com//ticket.interpark.com/Tiki/Main/TiKiGoodsinfo.asp?GoodsCode=26007209,//ticketimage.interpark.com/Play/image/large/26/26007209_p.gif,family:0.5;couple:0.95;single:0.9;콘서트/페스티벌;인터파크실시간,2026-07-26 16:53:09
콘서트/페스티벌,26010474,"ano LIVE in SEOUL, KOREA 2026",블루스퀘어 우리WON뱅킹홀,2026-10-17,2026-10-18,8,0.9%,26,https://tickets.interpark.com//ticket.interpark.com/Tiki/Main/TiKiGoodsinfo.asp?GoodsCode=26010474,//ticketimage.interpark.com/Play/image/large/26/26010474_p.gif,family:0.5;couple:0.95;single:0.9;콘서트/페스티벌;인터파크실시간,2026-07-26 16:53:09
콘서트/페스티벌,26007354,〈2026 G2A〉 in KINTEX,"킨텍스 제 1전시장 2,3홀",2026-10-09,2026-10-09,6,0.9%,27,https://tickets.interpark.com//ticket.interpark.com/Tiki/Main/TiKiGoodsinfo.asp?GoodsCode=26007354,//ticketimage.interpark.com/Play/image/large/26/26007354_p.gif,family:0.5;couple:0.95;single:0.9;콘서트/페스티벌;인터파크실시간,2026-07-26 16:53:09
콘서트/페스티벌,26004944,포스트 말론 내한공연,고양종합운동장 주경기장,2026-10-02,2026-10-02,8,0.8%,28,https://tickets.interpark.com//ticket.interpark.com/Tiki/Main/TiKiGoodsinfo.asp?GoodsCode=26004944,//ticketimage.interpark.com/Play/image/large/26/26004944_p.gif,family:0.5;couple:0.95;single:0.9;콘서트/페스티벌;인터파크실시간,2026-07-26 16:53:09
콘서트/페스티벌,26008194,CLICK-B RE:CLICK (한여름밤의 꿈 VOL.2),블루스퀘어 우리WON뱅킹홀,2026-08-08,2026-08-09,8,0.8%,28,https://tickets.interpark.com//ticket.interpark.com/Tiki/Main/TiKiGoodsinfo.asp?GoodsCode=26008194,//ticketimage.interpark.com/Play/image/large/26/26008194_p.gif,family:0.5;couple:0.95;single:0.9;콘서트/페스티벌;인터파크실시간,2026-07-26 16:53:09
콘서트/페스티벌,26010675,전유진 2nd Fan Concert ‘TWENTY-ONE’,올림픽공원 우리금융아트홀,2026-08-29,2026-08-30,7,0.8%,30,https://tickets.interpark.com//ticket.interpark.com/Tiki/Main/TiKiGoodsinfo.asp?GoodsCode=26010675,//ticketimage.interpark.com/Play/image/large/26/26010675_p.gif,family:0.5;couple:0.95;single:0.9;콘서트/페스티벌;인터파크실시간,2026-07-26 16:53:09
콘서트/페스티벌,26009546,2026 STAYC FAN CONCERT TOUR ［STAY CLOSER］,블루스퀘어 우리WON뱅킹홀,2026-08-22,2026-08-23,7,0.8%,30,https://tickets.interpark.com//ticket.interpark.com/Tiki/Main/TiKiGoodsinfo.asp?GoodsCode=26009546,//ticketimage.interpark.com/Play/image/large/26/26009546_p.gif,family:0.5;couple:0.95;single:0.9;콘서트/페스티벌;인터파크실시간,2026-07-26 16:53:09
콘서트/페스티벌,26010693,원소윤 스탠드업 코미디 ＇원 ＇,파랑새극장,2026-08-08,2026-08-08,4,0.8%,30,https://tickets.interpark.com//ticket.interpark.com/Tiki/Main/TiKiGoodsinfo.asp?GoodsCode=26010693,//ticketimage.interpark.com/Play/image/large/26/26010693_p.gif,family:0.5;couple:0.95;single:0.9;콘서트/페스티벌;인터파크실시간,2026-07-26 16:53:09
콘서트/페스티벌,26006903,현대카드 슈퍼콘서트 28 위켄드(The Weeknd),고양종합운동장 주경기장,2026-10-07,2026-10-08,8,0.7%,33,https://tickets.interpark.com//ticket.interpark.com/Tiki/Main/TiKiGoodsinfo.asp?GoodsCode=26006903,//ticketimage.interpark.com/Play/image/large/26/26006903_p.gif,family:0.5;couple:0.95;single:0.9;콘서트/페스티벌;인터파크실시간,2026-07-26 16:53:09
콘서트/페스티벌,26009797,〈현역가왕3〉 with 현역가왕 패밀리 페스티벌 - 부산,KBS부산홀,2026-08-15,2026-08-16,7,0.7%,33,https://tickets.interpark.com//ticket.interpark.com/Tiki/Main/TiKiGoodsinfo.asp?GoodsCode=26009797,//ticketimage.interpark.com/Play/image/large/26/26009797_p.gif,family:0.5;couple:0.95;single:0.9;콘서트/페스티벌;인터파크실시간,2026-07-26 16:53:09
콘서트/페스티벌,26010429,2026 지소쿠리클럽 단독 콘서트 : 와일드 오피스(Wild Office),NOL 씨어터 합정 동양생명홀,2026-08-20,2026-08-23,7,0.7%,33,https://tickets.interpark.com//ticket.interpark.com/Tiki/Main/TiKiGoodsinfo.asp?GoodsCode=26010429,//ticketimage.interpark.com/Play/image/large/26/26010429_p.gif,family:0.5;couple:0.95;single:0.9;콘서트/페스티벌;인터파크실시간,2026-07-26 16:53:09
콘서트/페스티벌,26009526,2026 CassCool Festival,서울랜드,2026-08-22,2026-08-22,6,0.7%,33,https://tickets.interpark.com//ticket.interpark.com/Tiki/Main/TiKiGoodsinfo.asp?GoodsCode=26009526,//ticketimage.interpark.com/Play/image/large/26/26009526_p.gif,family:0.5;couple:0.95;single:0.9;콘서트/페스티벌;인터파크실시간,2026-07-26 16:53:09
콘서트/페스티벌,26006786,2026 무명전설 전국투어 콘서트 - 부산,벡스코 제1전시장 1홀,2026-08-29,2026-08-29,7,0.7%,37,https://tickets.interpark.com//ticket.interpark.com/Tiki/Main/TiKiGoodsinfo.asp?GoodsCode=26006786,//ticketimage.interpark.com/Play/image/large/26/26006786_p.gif,family:0.5;couple:0.95;single:0.9;콘서트/페스티벌;인터파크실시간,2026-07-26 16:53:09
콘서트/페스티벌,26006811,2026 무명전설 전국투어 콘서트 - 광주,김대중컨벤션센터,2026-08-22,2026-08-22,7,0.6%,38,https://tickets.interpark.com//ticket.interpark.com/Tiki/Main/TiKiGoodsinfo.asp?GoodsCode=26006811,//ticketimage.interpark.com/Play/image/large/26/26006811_p.gif,family:0.5;couple:0.95;single:0.9;콘서트/페스티벌;인터파크실시간,2026-07-26 16:53:09
콘서트/페스티벌,26006558,2026 무명전설 전국투어 콘서트 - 대전,DCC대전컨벤션센터 제2전시장,2026-08-01,2026-08-01,7,0.6%,38,https://tickets.interpark.com//ticket.interpark.com/Tiki/Main/TiKiGoodsinfo.asp?GoodsCode=26006558,//ticketimage.interpark.com/Play/image/large/26/26006558_p.gif,family:0.5;couple:0.95;single:0.9;콘서트/페스티벌;인터파크실시간,2026-07-26 16:53:09
콘서트/페스티벌,26010100,2026 손태진 단독 콘서트 〈THE MAESTRO〉 - 수원,경기아트센터 대극장,2026-08-22,2026-08-23,7,0.6%,40,https://tickets.interpark.com//ticket.interpark.com/Tiki/Main/TiKiGoodsinfo.asp?GoodsCode=26010100,//ticketimage.interpark.com/Play/image/large/26/26010100_p.gif,family:0.5;couple:0.95;single:0.9;콘서트/페스티벌;인터파크실시간,2026-07-26 16:53:09
콘서트/페스티벌,26009235,2026 2PM Concert “THE RETURN” in INCHEON,인스파이어 아레나,2026-08-08,2026-08-09,7,0.5%,41,https://tickets.interpark.com//ticket.interpark.com/Tiki/Main/TiKiGoodsinfo.asp?GoodsCode=26009235,//ticketimage.interpark.com/Play/image/large/26/26009235_p.gif,family:0.5;couple:0.95;single:0.9;콘서트/페스티벌;인터파크실시간,2026-07-26 16:53:09
콘서트/페스티벌,26010008,포르쉐 바이브 서울,문화비축기지,2026-10-03,2026-10-04,2,0.5%,41,https://tickets.interpark.com//ticket.interpark.com/Tiki/Main/TiKiGoodsinfo.asp?GoodsCode=26010008,//ticketimage.interpark.com/Play/image/large/26/26010008_p.gif,family:0.5;couple:0.95;single:0.9;콘서트/페스티벌;인터파크실시간,2026-07-26 16:53:09
콘서트/페스티벌,26003199,Vaundy ASIA ARENA TOUR 2026 “HORO” IN SEOUL,인스파이어 아레나,2026-09-19,2026-09-20,6,0.5%,43,https://tickets.interpark.com//ticket.interpark.com/Tiki/Main/TiKiGoodsinfo.asp?GoodsCode=26003199,//ticketimage.interpark.com/Play/image/large/26/26003199_p.gif,family:0.5;couple:0.95;single:0.9;콘서트/페스티벌;인터파크실시간,2026-07-26 16:53:09
콘서트/페스티벌,26009749,［성남］ 2026 장윤정 라이브 콘서트 〈THE MASTER〉,성남아트센터 오페라하우스,2026-09-05,2026-09-05,6,0.5%,43,https://tickets.interpark.com//ticket.interpark.com/Tiki/Main/TiKiGoodsinfo.asp?GoodsCode=26009749,//ticketimage.interpark.com/Play/image/large/26/26009749_p.gif,family:0.5;couple:0.95;single:0.9;콘서트/페스티벌;인터파크실시간,2026-07-26 16:53:09
콘서트/페스티벌,26009635,짙은 : MINTPAPER 20th SPECIAL LIVE,XSCALA(엑스칼라),2026-08-09,2026-08-09,5,0.5%,43,https://tickets.interpark.com//ticket.interpark.com/Tiki/Main/TiKiGoodsinfo.asp?GoodsCode=26009635,//ticketimage.interpark.com/Play/image/large/26/26009635_p.gif,family:0.5;couple:0.95;single:0.9;콘서트/페스티벌;인터파크실시간,2026-07-26 16:53:09
콘서트/페스티벌,26008695,STAGE CONCERT SERIES Ⅰ 〈프랑켄슈타인 : 더 뮤지컬 콘서트〉,장충체육관,2026-08-01,2026-08-02,6,0.4%,46,https://tickets.interpark.com//ticket.interpark.com/Tiki/Main/TiKiGoodsinfo.asp?GoodsCode=26008695,//ticketimage.interpark.com/Play/image/large/26/26008695_p.gif,family:0.5;couple:0.95;single:0.9;콘서트/페스티벌;인터파크실시간,2026-07-26 16:53:09
콘서트/페스티벌,26009013,2026 엠씨더맥스 이수 콘서트 ＇DSOTM＇,블루스퀘어 우리WON뱅킹홀,2026-08-29,2026-08-30,6,0.4%,47,https://tickets.interpark.com//ticket.interpark.com/Tiki/Main/TiKiGoodsinfo.asp?GoodsCode=26009013,//ticketimage.interpark.com/Play/image/large/26/26009013_p.gif,family:0.5;couple:0.95;single:0.9;콘서트/페스티벌;인터파크실시간,2026-07-26 16:53:09
콘서트/페스티벌,26007417,2026 무명전설 전국투어 콘서트 - 청주,청주대학교 석우문화체육관,2026-09-19,2026-09-19,6,0.4%,47,https://tickets.interpark.com//ticket.interpark.com/Tiki/Main/TiKiGoodsinfo.asp?GoodsCode=26007417,//ticketimage.interpark.com/Play/image/large/26/26007417_p.gif,family:0.5;couple:0.95;single:0.9;콘서트/페스티벌;인터파크실시간,2026-07-26 16:53:09
콘서트/페스티벌,26010713,재하 팬콘서트 〈재하가 장르다〉,큐브컨벤션센터 CCC스테이지,2026-08-22,2026-08-22,6,0.4%,47,https://tickets.interpark.com//ticket.interpark.com/Tiki/Main/TiKiGoodsinfo.asp?GoodsCode=26010713,//ticketimage.interpark.com/Play/image/large/26/26010713_p.gif,family:0.5;couple:0.95;single:0.9;콘서트/페스티벌;인터파크실시간,2026-07-26 16:53:09
콘서트/페스티벌,26008226,FT 아일랜드 with 심포니,롯데콘서트홀,2026-08-15,2026-08-16,6,0.3%,50,https://tickets.interpark.com//ticket.interpark.com/Tiki/Main/TiKiGoodsinfo.asp?GoodsCode=26008226,//ticketimage.interpark.com/Play/image/large/26/26008226_p.gif,family:0.5;couple:0.95;single:0.9;콘서트/페스티벌;인터파크실시간,2026-07-26 16:53:09
뮤지컬,L0000142,뮤지컬 드라큘라 (Dracula：The Musical),LG아트센터 서울 LG SIGNATURE 홀,2026-07-10,2026-10-18,11,24.5%,1,https://tickets.interpark.com//ticket.interpark.com/Tiki/Main/TiKiGoodsinfo.asp?GoodsCode=L0000142,//ticketimage.interpark.com/Play/image/large/L0/L0000142_p.gif,family:0.7;couple:0.95;single:0.6;뮤지컬;인터파크실시간,2026-07-26 16:53:09
뮤지컬,P0004669,뮤지컬 〈베토벤〉,세종문화회관 대극장,2026-06-09,2026-08-11,10,6.5%,2,https://tickets.interpark.com//ticket.interpark.com/Tiki/Main/TiKiGoodsinfo.asp?GoodsCode=P0004669,//ticketimage.interpark.com/Play/image/large/P0/P0004669_p.gif,family:0.7;couple:0.95;single:0.6;뮤지컬;인터파크실시간,2026-07-26 16:53:09
뮤지컬,26007169,뮤지컬 〈헬스키친〉 (Musical Hell’s Kitchen),GS아트센터,2026-07-24,2026-11-08,10,6.2%,3,https://tickets.interpark.com//ticket.interpark.com/Tiki/Main/TiKiGoodsinfo.asp?GoodsCode=26007169,//ticketimage.interpark.com/Play/image/large/26/26007169_p.gif,family:0.7;couple:0.95;single:0.6;뮤지컬;인터파크실시간,2026-07-26 16:53:09
뮤지컬,26005310,뮤지컬 〈그날들〉,디큐브 링크아트센터,2026-06-09,2026-08-23,10,5.1%,4,https://tickets.interpark.com//ticket.interpark.com/Tiki/Main/TiKiGoodsinfo.asp?GoodsCode=26005310,//ticketimage.interpark.com/Play/image/large/26/26005310_p.gif,family:0.7;couple:0.95;single:0.6;뮤지컬;인터파크실시간,2026-07-26 16:53:09
뮤지컬,26006325,뮤지컬 〈유미의 세포들〉,예술의전당 CJ 토월극장,2026-06-30,2026-08-23,9,3.7%,5,https://tickets.interpark.com//ticket.interpark.com/Tiki/Main/TiKiGoodsinfo.asp?GoodsCode=26006325,//ticketimage.interpark.com/Play/image/large/26/26006325_p.gif,family:0.7;couple:0.95;single:0.6;뮤지컬;인터파크실시간,2026-07-26 16:53:09
뮤지컬,26009314,뮤지컬 〈엘리자벳〉,블루스퀘어 우리은행홀,2026-08-16,2026-11-15,9,3.5%,6,https://tickets.interpark.com//ticket.interpark.com/Tiki/Main/TiKiGoodsinfo.asp?GoodsCode=26009314,//ticketimage.interpark.com/Play/image/large/26/26009314_p.gif,family:0.7;couple:0.95;single:0.6;뮤지컬;인터파크실시간,2026-07-26 16:53:09
뮤지컬,26007159,뮤지컬 〈빨래〉 - 32차 프로덕션,NOL 유니플렉스 2관,2026-06-11,2027-02-21,8,3.3%,7,https://tickets.interpark.com//ticket.interpark.com/Tiki/Main/TiKiGoodsinfo.asp?GoodsCode=26007159,//ticketimage.interpark.com/Play/image/large/26/26007159_p.gif,family:0.7;couple:0.95;single:0.6;뮤지컬;인터파크실시간,2026-07-26 16:53:09
뮤지컬,26001001,뮤지컬 〈빌리 엘리어트〉,블루스퀘어 우리은행홀,2026-04-12,2026-07-26,9,3.2%,8,https://tickets.interpark.com//ticket.interpark.com/Tiki/Main/TiKiGoodsinfo.asp?GoodsCode=26001001,//ticketimage.interpark.com/Play/image/large/26/26001001_p.gif,family:0.7;couple:0.95;single:0.6;뮤지컬;인터파크실시간,2026-07-26 16:53:09
뮤지컬,26007505,뮤지컬 〈웨스턴 스토리〉 기깔나는 코믹 서부극,NOL 유니플렉스 1관,2026-07-01,2026-09-27,8,3.1%,9,https://tickets.interpark.com//ticket.interpark.com/Tiki/Main/TiKiGoodsinfo.asp?GoodsCode=26007505,//ticketimage.interpark.com/Play/image/large/26/26007505_p.gif,family:0.7;couple:0.95;single:0.6;뮤지컬;인터파크실시간,2026-07-26 16:53:09
뮤지컬,26007416,뮤지컬 〈겨울왕국〉 한국 초연 (FROZEN The Musical),샤롯데씨어터,2026-08-13,2027-03-01,9,3%,10,https://tickets.interpark.com//ticket.interpark.com/Tiki/Main/TiKiGoodsinfo.asp?GoodsCode=26007416,//ticketimage.interpark.com/Play/image/large/26/26007416_p.gif,family:0.7;couple:0.95;single:0.6;뮤지컬;인터파크실시간,2026-07-26 16:53:09
뮤지컬,26004473,뮤지컬 〈브라더스 까라마조프〉,NOL 씨어터 대학로 우리투자증권홀,2026-05-12,2026-09-06,8,2.8%,11,https://tickets.interpark.com//ticket.interpark.com/Tiki/Main/TiKiGoodsinfo.asp?GoodsCode=26004473,//ticketimage.interpark.com/Play/image/large/26/26004473_p.gif,family:0.7;couple:0.95;single:0.6;뮤지컬;인터파크실시간,2026-07-26 16:53:09
뮤지컬,26007442,뮤지컬 〈디어 에반 핸슨〉 (Musical Dear Evan Hansen),충무아트센터 대극장,2026-08-01,2026-11-01,9,2.4%,12,https://tickets.interpark.com//ticket.interpark.com/Tiki/Main/TiKiGoodsinfo.asp?GoodsCode=26007442,//ticketimage.interpark.com/Play/image/large/26/26007442_p.gif,family:0.7;couple:0.95;single:0.6;뮤지컬;인터파크실시간,2026-07-26 16:53:09
뮤지컬,26008861,뮤지컬 〈비더슈탄트〉,링크아트센터드림 드림1관,2026-07-23,2026-10-11,7,2.2%,13,https://tickets.interpark.com//ticket.interpark.com/Tiki/Main/TiKiGoodsinfo.asp?GoodsCode=26008861,//ticketimage.interpark.com/Play/image/large/26/26008861_p.gif,family:0.7;couple:0.95;single:0.6;뮤지컬;인터파크실시간,2026-07-26 16:53:09
뮤지컬,26006404,뮤지컬 〈블랙메리포핀스〉,링크아트센터 벅스홀,2026-06-18,2026-09-06,8,1.8%,14,https://tickets.interpark.com//ticket.interpark.com/Tiki/Main/TiKiGoodsinfo.asp?GoodsCode=26006404,//ticketimage.interpark.com/Play/image/large/26/26006404_p.gif,family:0.7;couple:0.95;single:0.6;뮤지컬;인터파크실시간,2026-07-26 16:53:09
뮤지컬,26006228,뮤지컬 〈파가니니〉,홍익대 대학로 아트센터 대극장,2026-06-20,2026-08-30,8,1.8%,15,https://tickets.interpark.com//ticket.interpark.com/Tiki/Main/TiKiGoodsinfo.asp?GoodsCode=26006228,//ticketimage.interpark.com/Play/image/large/26/26006228_p.gif,family:0.7;couple:0.95;single:0.6;뮤지컬;인터파크실시간,2026-07-26 16:53:09
뮤지컬,26007764,이은결 30주년 〈ONE OF ONE〉,세종문화회관 대극장,2026-08-22,2026-09-06,8,1.7%,16,https://tickets.interpark.com//ticket.interpark.com/Tiki/Main/TiKiGoodsinfo.asp?GoodsCode=26007764,//ticketimage.interpark.com/Play/image/large/26/26007764_p.gif,family:0.7;couple:0.95;single:0.6;뮤지컬;인터파크실시간,2026-07-26 16:53:09
뮤지컬,25008376,〈슬립노모어 서울〉 (Sleep No More Seoul),매키탄 호텔 (The McKithan Hotel),2025-07-24,2026-09-27,9,1.6%,17,https://tickets.interpark.com//ticket.interpark.com/Tiki/Main/TiKiGoodsinfo.asp?GoodsCode=25008376,//ticketimage.interpark.com/Play/image/large/25/25008376_p.gif,family:0.7;couple:0.95;single:0.6;뮤지컬;인터파크실시간,2026-07-26 16:53:09
뮤지컬,26007823,최현우 FaTe - 서울,소월아트홀,2026-08-01,2026-08-23,8,1.5%,18,https://tickets.interpark.com//ticket.interpark.com/Tiki/Main/TiKiGoodsinfo.asp?GoodsCode=26007823,//ticketimage.interpark.com/Play/image/large/26/26007823_p.gif,family:0.7;couple:0.95;single:0.6;뮤지컬;인터파크실시간,2026-07-26 16:53:09
뮤지컬,26008022,나 혼자만 레벨업 on ICE,목동아이스링크,2026-08-07,2026-08-17,8,1.5%,19,https://tickets.interpark.com//ticket.interpark.com/Tiki/Main/TiKiGoodsinfo.asp?GoodsCode=26008022,//ticketimage.interpark.com/Play/image/large/26/26008022_p.gif,family:0.7;couple:0.95;single:0.6;뮤지컬;인터파크실시간,2026-07-26 16:53:09
뮤지컬,26006420,뮤지컬 〈시데레우스〉,플러스씨어터,2026-06-04,2026-08-30,6,1.4%,20,https://tickets.interpark.com//ticket.interpark.com/Tiki/Main/TiKiGoodsinfo.asp?GoodsCode=26006420,//ticketimage.interpark.com/Play/image/large/26/26006420_p.gif,family:0.7;couple:0.95;single:0.6;뮤지컬;인터파크실시간,2026-07-26 16:53:09
뮤지컬,26006189,2026 뮤지컬 〈Mad Hatter〉,대학로 TOM(티오엠) 1관,2026-06-09,2026-08-30,6,1.2%,21,https://tickets.interpark.com//ticket.interpark.com/Tiki/Main/TiKiGoodsinfo.asp?GoodsCode=26006189,//ticketimage.interpark.com/Play/image/large/26/26006189_p.gif,family:0.7;couple:0.95;single:0.6;뮤지컬;인터파크실시간,2026-07-26 16:53:09
뮤지컬,26006201,뮤지컬 〈피리 부는 사나이〉,국립정동극장,2026-06-12,2026-08-02,6,1.1%,22,https://tickets.interpark.com//ticket.interpark.com/Tiki/Main/TiKiGoodsinfo.asp?GoodsCode=26006201,//ticketimage.interpark.com/Play/image/large/26/26006201_p.gif,family:0.7;couple:0.95;single:0.6;뮤지컬;인터파크실시간,2026-07-26 16:53:09
뮤지컬,26008698,뮤지컬 〈소년의 초상〉,대학로 TOM(티오엠) 2관,2026-07-28,2026-10-18,6,1.1%,22,https://tickets.interpark.com//ticket.interpark.com/Tiki/Main/TiKiGoodsinfo.asp?GoodsCode=26008698,//ticketimage.interpark.com/Play/image/large/26/26008698_p.gif,family:0.7;couple:0.95;single:0.6;뮤지컬;인터파크실시간,2026-07-26 16:53:09
뮤지컬,26009625,뮤지컬 〈광화문연가〉,디큐브 링크아트센터,2026-09-06,2026-11-15,8,1%,24,https://tickets.interpark.com//ticket.interpark.com/Tiki/Main/TiKiGoodsinfo.asp?GoodsCode=26009625,//ticketimage.interpark.com/Play/image/large/26/26009625_p.gif,family:0.7;couple:0.95;single:0.6;뮤지컬;인터파크실시간,2026-07-26 16:53:09
뮤지컬,26006560,뮤지컬 〈어둑시니〉,NOL 서경스퀘어 스콘 2관,2026-06-09,2026-08-30,6,0.8%,25,https://tickets.interpark.com//ticket.interpark.com/Tiki/Main/TiKiGoodsinfo.asp?GoodsCode=26006560,//ticketimage.interpark.com/Play/image/large/26/26006560_p.gif,family:0.7;couple:0.95;single:0.6;뮤지컬;인터파크실시간,2026-07-26 16:53:09
뮤지컬,26006751,뮤지컬 〈박열〉,링크아트센터드림 드림4관,2026-06-10,2026-09-06,6,0.8%,25,https://tickets.interpark.com//ticket.interpark.com/Tiki/Main/TiKiGoodsinfo.asp?GoodsCode=26006751,//ticketimage.interpark.com/Play/image/large/26/26006751_p.gif,family:0.7;couple:0.95;single:0.6;뮤지컬;인터파크실시간,2026-07-26 16:53:09
뮤지컬,26009211,최현우 19+I - 대전,충남대학교 정심화홀,2026-10-17,2026-10-18,6,0.8%,27,https://tickets.interpark.com//ticket.interpark.com/Tiki/Main/TiKiGoodsinfo.asp?GoodsCode=26009211,//ticketimage.interpark.com/Play/image/large/26/26009211_p.gif,family:0.7;couple:0.95;single:0.6;뮤지컬;인터파크실시간,2026-07-26 16:53:09
뮤지컬,25006677,쇼뮤지컬 ［와일드 와일드］,와일드 와일드 전용관 (명보아트홀),2025-06-13,2026-10-31,6,0.8%,27,https://tickets.interpark.com//ticket.interpark.com/Tiki/Main/TiKiGoodsinfo.asp?GoodsCode=25006677,//ticketimage.interpark.com/Play/image/large/25/25006677_p.gif,family:0.7;couple:0.95;single:0.6;뮤지컬;인터파크실시간,2026-07-26 16:53:09
뮤지컬,26009616,뮤지컬 〈푸른 꽃〉,충무아트센터 중극장 블랙,2026-08-13,2026-10-25,6,0.7%,29,https://tickets.interpark.com//ticket.interpark.com/Tiki/Main/TiKiGoodsinfo.asp?GoodsCode=26009616,//ticketimage.interpark.com/Play/image/large/26/26009616_p.gif,family:0.7;couple:0.95;single:0.6;뮤지컬;인터파크실시간,2026-07-26 16:53:09
뮤지컬,26003258,뮤지컬 〈김종욱 찾기〉,대학로 틴틴홀,2026-03-07,2026-08-31,2,0.6%,30,https://tickets.interpark.com//ticket.interpark.com/Tiki/Main/TiKiGoodsinfo.asp?GoodsCode=26003258,//ticketimage.interpark.com/Play/image/large/26/26003258_p.gif,family:0.7;couple:0.95;single:0.6;뮤지컬;인터파크실시간,2026-07-26 16:53:09
뮤지컬,26009193,뮤지컬 〈콰이어 오브 맨〉,NOL 씨어터 대학로 우리투자증권홀,2026-09-18,2027-01-03,5,0.6%,31,https://tickets.interpark.com//ticket.interpark.com/Tiki/Main/TiKiGoodsinfo.asp?GoodsCode=26009193,//ticketimage.interpark.com/Play/image/large/26/26009193_p.gif,family:0.7;couple:0.95;single:0.6;뮤지컬;인터파크실시간,2026-07-26 16:53:09
뮤지컬,22006637,난타(NANTA) - 명동공연,명동난타극장,2022-07-08,2026-12-31,4,0.6%,31,https://tickets.interpark.com//ticket.interpark.com/Tiki/Main/TiKiGoodsinfo.asp?GoodsCode=22006637,//ticketimage.interpark.com/Play/image/large/22/22006637_p.gif,family:0.7;couple:0.95;single:0.6;뮤지컬;인터파크실시간,2026-07-26 16:53:09
뮤지컬,26007621,뮤지컬 〈서편제〉 - 세종시,세종예술의전당(세종특별자치시),2026-07-30,2026-08-01,6,0.5%,33,https://tickets.interpark.com//ticket.interpark.com/Tiki/Main/TiKiGoodsinfo.asp?GoodsCode=26007621,//ticketimage.interpark.com/Play/image/large/26/26007621_p.gif,family:0.7;couple:0.95;single:0.6;뮤지컬;인터파크실시간,2026-07-26 16:53:09
뮤지컬,26008714,뮤지컬 떳다ㅅㄱ,보라아트홀,2026-07-23,2026-08-20,3,0.5%,33,https://tickets.interpark.com//ticket.interpark.com/Tiki/Main/TiKiGoodsinfo.asp?GoodsCode=26008714,//ticketimage.interpark.com/Play/image/large/26/26008714_p.gif,family:0.7;couple:0.95;single:0.6;뮤지컬;인터파크실시간,2026-07-26 16:53:09
뮤지컬,26009910,뮤지컬 〈그날들〉 - 대구,계명아트센터,2026-09-04,2026-09-06,7,0.5%,35,https://tickets.interpark.com//ticket.interpark.com/Tiki/Main/TiKiGoodsinfo.asp?GoodsCode=26009910,//ticketimage.interpark.com/Play/image/large/26/26009910_p.gif,family:0.7;couple:0.95;single:0.6;뮤지컬;인터파크실시간,2026-07-26 16:53:09
뮤지컬,26008712,뮤지컬 〈키키의 경계성 인격장애 다이어리〉,대학로 SH아트홀,2026-07-30,2026-10-04,2,0.4%,36,https://tickets.interpark.com//ticket.interpark.com/Tiki/Main/TiKiGoodsinfo.asp?GoodsCode=26008712,//ticketimage.interpark.com/Play/image/large/26/26008712_p.gif,family:0.7;couple:0.95;single:0.6;뮤지컬;인터파크실시간,2026-07-26 16:53:09
뮤지컬,26002729,"뮤지컬 〈어서 오세요, 휴남동 서점입니다〉 - 서울",루미나아트홀,2025-03-01,2026-09-30,3,0.4%,37,https://tickets.interpark.com//ticket.interpark.com/Tiki/Main/TiKiGoodsinfo.asp?GoodsCode=26002729,//ticketimage.interpark.com/Play/image/large/26/26002729_p.gif,family:0.7;couple:0.95;single:0.6;뮤지컬;인터파크실시간,2026-07-26 16:53:09
뮤지컬,26008652,"K-컬처프로젝트 〈태권유랑단, 녹두〉",한국소리문화의전당 연지홀,2026-09-04,2026-09-12,2,0.4%,38,https://tickets.interpark.com//ticket.interpark.com/Tiki/Main/TiKiGoodsinfo.asp?GoodsCode=26008652,//ticketimage.interpark.com/Play/image/large/26/26008652_p.gif,family:0.7;couple:0.95;single:0.6;뮤지컬;인터파크실시간,2026-07-26 16:53:09
뮤지컬,26009831,뮤지컬 〈그날들〉 - 대전,대전예술의전당 아트홀,2026-09-26,2026-09-27,6,0.3%,39,https://tickets.interpark.com//ticket.interpark.com/Tiki/Main/TiKiGoodsinfo.asp?GoodsCode=26009831,//ticketimage.interpark.com/Play/image/large/26/26009831_p.gif,family:0.7;couple:0.95;single:0.6;뮤지컬;인터파크실시간,2026-07-26 16:53:09
뮤지컬,26008747,이은결 30주년 〈ONE OF ONE〉 - 부산,벡스코 오디토리움,2026-10-02,2026-10-04,5,0.3%,39,https://tickets.interpark.com//ticket.interpark.com/Tiki/Main/TiKiGoodsinfo.asp?GoodsCode=26008747,//ticketimage.interpark.com/Play/image/large/26/26008747_p.gif,family:0.7;couple:0.95;single:0.6;뮤지컬;인터파크실시간,2026-07-26 16:53:09
뮤지컬,26010255,뮤지컬 〈왕자대전〉 - 수원,경기아트센터 소극장,2026-08-01,2026-08-01,1,0.3%,39,https://tickets.interpark.com//ticket.interpark.com/Tiki/Main/TiKiGoodsinfo.asp?GoodsCode=26010255,//ticketimage.interpark.com/Play/image/large/26/26010255_p.gif,family:0.7;couple:0.95;single:0.6;뮤지컬;인터파크실시간,2026-07-26 16:53:09
뮤지컬,26009532,최현우 19+I - 이천,이천아트홀 대공연장,2026-11-14,2026-11-15,4,0.3%,42,https://tickets.interpark.com//ticket.interpark.com/Tiki/Main/TiKiGoodsinfo.asp?GoodsCode=26009532,//ticketimage.interpark.com/Play/image/large/26/26009532_p.gif,family:0.7;couple:0.95;single:0.6;뮤지컬;인터파크실시간,2026-07-26 16:53:09
뮤지컬,26006810,뮤지컬 〈종의 기원〉,동덕여자대학교 공연예술센터 코튼홀,2026-06-23,2026-09-20,3,0.3%,42,https://tickets.interpark.com//ticket.interpark.com/Tiki/Main/TiKiGoodsinfo.asp?GoodsCode=26006810,//ticketimage.interpark.com/Play/image/large/26/26006810_p.gif,family:0.7;couple:0.95;single:0.6;뮤지컬;인터파크실시간,2026-07-26 16:53:09
뮤지컬,26004103,2026 뮤지컬 〈미드나잇 : 액터뮤지션〉,NOL 유니플렉스 3관,2026-04-08,2026-08-09,3,0.3%,42,https://tickets.interpark.com//ticket.interpark.com/Tiki/Main/TiKiGoodsinfo.asp?GoodsCode=26004103,//ticketimage.interpark.com/Play/image/large/26/26004103_p.gif,family:0.7;couple:0.95;single:0.6;뮤지컬;인터파크실시간,2026-07-26 16:53:09
뮤지컬,26009512,창작가무극 〈청사초롱 불 밝혀라〉,국립정동극장,2026-08-22,2026-09-13,3,0.3%,42,https://tickets.interpark.com//ticket.interpark.com/Tiki/Main/TiKiGoodsinfo.asp?GoodsCode=26009512,//ticketimage.interpark.com/Play/image/large/26/26009512_p.gif,family:0.7;couple:0.95;single:0.6;뮤지컬;인터파크실시간,2026-07-26 16:53:09
뮤지컬,26009258,뮤지컬 늦봄의 길 - 수원,수원SK아트리움 대공연장,2026-08-15,2026-08-15,2,0.3%,42,https://tickets.interpark.com//ticket.interpark.com/Tiki/Main/TiKiGoodsinfo.asp?GoodsCode=26009258,//ticketimage.interpark.com/Play/image/large/26/26009258_p.gif,family:0.7;couple:0.95;single:0.6;뮤지컬;인터파크실시간,2026-07-26 16:53:09
뮤지컬,26007938,뮤지컬 〈서편제〉 - 당진,당진문예의전당 대공연장,2026-08-06,2026-08-08,6,0.3%,47,https://tickets.interpark.com//ticket.interpark.com/Tiki/Main/TiKiGoodsinfo.asp?GoodsCode=26007938,//ticketimage.interpark.com/Play/image/large/26/26007938_p.gif,family:0.7;couple:0.95;single:0.6;뮤지컬;인터파크실시간,2026-07-26 16:53:09
뮤지컬,26010131,뮤지컬 팬레터 - 진주,경상남도문화예술회관 대공연장,2026-09-18,2026-09-19,3,0.3%,47,https://tickets.interpark.com//ticket.interpark.com/Tiki/Main/TiKiGoodsinfo.asp?GoodsCode=26010131,//ticketimage.interpark.com/Play/image/large/26/26010131_p.gif,family:0.7;couple:0.95;single:0.6;뮤지컬;인터파크실시간,2026-07-26 16:53:09
뮤지컬,26009480,뮤지컬 〈스트라빈스키〉,예스24아트원 2관,2026-06-30,2026-09-13,2,0.3%,47,https://tickets.interpark.com//ticket.interpark.com/Tiki/Main/TiKiGoodsinfo.asp?GoodsCode=26009480,//ticketimage.interpark.com/Play/image/large/26/26009480_p.gif,family:0.7;couple:0.95;single:0.6;뮤지컬;인터파크실시간,2026-07-26 16:53:09
뮤지컬,26008571,뮤지컬 Club 〈설화〉,극장 온,2026-05-14,2026-11-29,2,0.3%,47,https://tickets.interpark.com//ticket.interpark.com/Tiki/Main/TiKiGoodsinfo.asp?GoodsCode=26008571,//ticketimage.interpark.com/Play/image/large/26/26008571_p.gif,family:0.7;couple:0.95;single:0.6;뮤지컬;인터파크실시간,2026-07-26 16:53:09
연극,26005135,연극 〈베니스의 상인〉,국립극장 해오름극장,2026-07-08,2026-08-09,11,29.8%,1,https://tickets.interpark.com//ticket.interpark.com/Tiki/Main/TiKiGoodsinfo.asp?GoodsCode=26005135,//ticketimage.interpark.com/Play/image/large/26/26005135_p.gif,family:0.5;couple:0.6;single:0.9;연극;인터파크실시간,2026-07-26 16:53:10
연극,26006175,죽은 시인의 사회,NOL 씨어터 대학로 우리카드홀,2026-07-18,2026-09-13,10,8.6%,2,https://tickets.interpark.com//ticket.interpark.com/Tiki/Main/TiKiGoodsinfo.asp?GoodsCode=26006175,//ticketimage.interpark.com/Play/image/large/26/26006175_p.gif,family:0.5;couple:0.6;single:0.9;연극;인터파크실시간,2026-07-26 16:53:10
연극,P0004710,연극 〈오이디푸스〉,세종문화회관 M씨어터,2026-07-04,2026-08-23,9,5.7%,3,https://tickets.interpark.com//ticket.interpark.com/Tiki/Main/TiKiGoodsinfo.asp?GoodsCode=P0004710,//ticketimage.interpark.com/Play/image/large/P0/P0004710_p.gif,family:0.5;couple:0.6;single:0.9;연극;인터파크실시간,2026-07-26 16:53:10
연극,26009849,연극 〈베니스의 상인〉 - 대구,계명아트센터,2026-08-28,2026-08-29,9,4.6%,4,https://tickets.interpark.com//ticket.interpark.com/Tiki/Main/TiKiGoodsinfo.asp?GoodsCode=26009849,//ticketimage.interpark.com/Play/image/large/26/26009849_p.gif,family:0.5;couple:0.6;single:0.9;연극;인터파크실시간,2026-07-26 16:53:10
연극,26010608,연극 〈베니스의 상인〉 - 이천,이천아트홀 대공연장,2026-09-11,2026-09-12,9,4.6%,5,https://tickets.interpark.com//ticket.interpark.com/Tiki/Main/TiKiGoodsinfo.asp?GoodsCode=26010608,//ticketimage.interpark.com/Play/image/large/26/26010608_p.gif,family:0.5;couple:0.6;single:0.9;연극;인터파크실시간,2026-07-26 16:53:10
연극,26008423,연극 〈2호선세입자〉 : 지하철 생존 코미디 - JS아트홀,"JS아트홀(구,고스트씨어터)",2026-07-11,2026-08-31,6,3.2%,6,https://tickets.interpark.com//ticket.interpark.com/Tiki/Main/TiKiGoodsinfo.asp?GoodsCode=26008423,//ticketimage.interpark.com/Play/image/large/26/26008423_p.gif,family:0.5;couple:0.6;single:0.9;연극;인터파크실시간,2026-07-26 16:53:10
연극,26003518,블랙코미디 최강자! 연극 〈죽여주는 이야기〉- 18주년,지인시어터(구.알과핵소극장),2008-05-15,2026-11-30,6,2.9%,7,https://tickets.interpark.com//ticket.interpark.com/Tiki/Main/TiKiGoodsinfo.asp?GoodsCode=26003518,//ticketimage.interpark.com/Play/image/large/26/26003518_p.gif,family:0.5;couple:0.6;single:0.9;연극;인터파크실시간,2026-07-26 16:53:10
연극,26006445,연극 〈플리백 (Fleabag)〉 한국 초연,두산아트센터 연강홀,2026-06-19,2026-09-06,8,2.7%,8,https://tickets.interpark.com//ticket.interpark.com/Tiki/Main/TiKiGoodsinfo.asp?GoodsCode=26006445,//ticketimage.interpark.com/Play/image/large/26/26006445_p.gif,family:0.5;couple:0.6;single:0.9;연극;인터파크실시간,2026-07-26 16:53:10
연극,24006928,"연극 〈쉬어매드니스〉-웃음은 시원하게, 추리는 치열하게! 당신이 완성할 결말!",콘텐츠박스(KONTENTZ BOX),2015-11-12,2026-08-31,6,1.8%,9,https://tickets.interpark.com//ticket.interpark.com/Tiki/Main/TiKiGoodsinfo.asp?GoodsCode=24006928,//ticketimage.interpark.com/Play/image/large/24/24006928_p.gif,family:0.5;couple:0.6;single:0.9;연극;인터파크실시간,2026-07-26 16:53:10
연극,24017527,국민연극 〈라이어〉 - 상명아트홀 1관,상명아트홀 1관,2025-01-10,2026-08-31,6,1.8%,10,https://tickets.interpark.com//ticket.interpark.com/Tiki/Main/TiKiGoodsinfo.asp?GoodsCode=24017527,//ticketimage.interpark.com/Play/image/large/24/24017527_p.gif,family:0.5;couple:0.6;single:0.9;연극;인터파크실시간,2026-07-26 16:53:10
연극,26005154,2026연극 사랑해엄마,대학로 아트하우스,2026-05-01,2026-10-25,7,1.8%,11,https://tickets.interpark.com//ticket.interpark.com/Tiki/Main/TiKiGoodsinfo.asp?GoodsCode=26005154,//ticketimage.interpark.com/Play/image/large/26/26005154_p.gif,family:0.5;couple:0.6;single:0.9;연극;인터파크실시간,2026-07-26 16:53:10
연극,L0000143,연극 〈타인의 삶〉,LG아트센터 서울 U+ 스테이지,2026-07-01,2026-09-13,8,1.7%,12,https://tickets.interpark.com//ticket.interpark.com/Tiki/Main/TiKiGoodsinfo.asp?GoodsCode=L0000143,//ticketimage.interpark.com/Play/image/large/L0/L0000143_p.gif,family:0.5;couple:0.6;single:0.9;연극;인터파크실시간,2026-07-26 16:53:10
연극,26007167,"연극 〈꽃, 별이 지나〉",NOL 서경스퀘어 스콘 1관,2026-06-16,2026-08-23,7,1.5%,13,https://tickets.interpark.com//ticket.interpark.com/Tiki/Main/TiKiGoodsinfo.asp?GoodsCode=26007167,//ticketimage.interpark.com/Play/image/large/26/26007167_p.gif,family:0.5;couple:0.6;single:0.9;연극;인터파크실시간,2026-07-26 16:53:10
연극,25005387,대학로 혜화 연극 한뼘사이,라온아트홀,2025-05-01,2026-08-31,4,1.3%,14,https://tickets.interpark.com//ticket.interpark.com/Tiki/Main/TiKiGoodsinfo.asp?GoodsCode=25005387,//ticketimage.interpark.com/Play/image/large/25/25005387_p.gif,family:0.5;couple:0.6;single:0.9;연극;인터파크실시간,2026-07-26 16:53:10
연극,26007583,연극 〈더 헬멧〉,홍익대 대학로 아트센터 소극장,2026-07-09,2026-10-11,6,1.3%,15,https://tickets.interpark.com//ticket.interpark.com/Tiki/Main/TiKiGoodsinfo.asp?GoodsCode=26007583,//ticketimage.interpark.com/Play/image/large/26/26007583_p.gif,family:0.5;couple:0.6;single:0.9;연극;인터파크실시간,2026-07-26 16:53:10
연극,22001159,연극〈늘근도둑이야기〉,대학로 아트포레스트 1관,2022-03-05,2026-08-31,4,1.2%,16,https://tickets.interpark.com//ticket.interpark.com/Tiki/Main/TiKiGoodsinfo.asp?GoodsCode=22001159,//ticketimage.interpark.com/Play/image/large/22/22001159_p.gif,family:0.5;couple:0.6;single:0.9;연극;인터파크실시간,2026-07-26 16:53:10
연극,26003529,4D공포연극 〈스위치〉,아스가르드 씨어터,2026-04-01,2026-08-31,4,1%,17,https://tickets.interpark.com//ticket.interpark.com/Tiki/Main/TiKiGoodsinfo.asp?GoodsCode=26003529,//ticketimage.interpark.com/Play/image/large/26/26003529_p.gif,family:0.5;couple:0.6;single:0.9;연극;인터파크실시간,2026-07-26 16:53:10
연극,26002148,코믹추리스릴러 연극 〈행오버〉 - 12년째 공연 중,정극장,2014-09-11,2026-08-31,4,0.9%,18,https://tickets.interpark.com//ticket.interpark.com/Tiki/Main/TiKiGoodsinfo.asp?GoodsCode=26002148,//ticketimage.interpark.com/Play/image/large/26/26002148_p.gif,family:0.5;couple:0.6;single:0.9;연극;인터파크실시간,2026-07-26 16:53:10
연극,24008626,대학로 혜화 연극 사내연애 보고서,대학로 제나아트홀,2024-07-01,2026-08-31,3,0.9%,18,https://tickets.interpark.com//ticket.interpark.com/Tiki/Main/TiKiGoodsinfo.asp?GoodsCode=24008626,//ticketimage.interpark.com/Play/image/large/24/24008626_p.gif,family:0.5;couple:0.6;single:0.9;연극;인터파크실시간,2026-07-26 16:53:10
연극,26002026,연극 〈구미호 식당〉,초록씨어터,2026-03-20,2026-08-17,3,0.8%,20,https://tickets.interpark.com//ticket.interpark.com/Tiki/Main/TiKiGoodsinfo.asp?GoodsCode=26002026,//ticketimage.interpark.com/Play/image/large/26/26002026_p.gif,family:0.5;couple:0.6;single:0.9;연극;인터파크실시간,2026-07-26 16:53:10
연극,26001679,뮤직드라마 〈불편한 편의점1〉 - 부산,KNN시어터,2026-03-28,2026-08-30,4,0.7%,21,https://tickets.interpark.com//ticket.interpark.com/Tiki/Main/TiKiGoodsinfo.asp?GoodsCode=26001679,//ticketimage.interpark.com/Play/image/large/26/26001679_p.gif,family:0.5;couple:0.6;single:0.9;연극;인터파크실시간,2026-07-26 16:53:10
연극,26007360,대학로 혜화 연극 플러팅,대학로 라온씨어터,2026-06-02,2026-08-31,3,0.7%,22,https://tickets.interpark.com//ticket.interpark.com/Tiki/Main/TiKiGoodsinfo.asp?GoodsCode=26007360,//ticketimage.interpark.com/Play/image/large/26/26007360_p.gif,family:0.5;couple:0.6;single:0.9;연극;인터파크실시간,2026-07-26 16:53:10
연극,25017226,배꼽 쏟고 눈물 잡는 연극 ［보물찾기］,대학로 아트포레스트 2관,2025-12-12,2026-08-31,3,0.7%,22,https://tickets.interpark.com//ticket.interpark.com/Tiki/Main/TiKiGoodsinfo.asp?GoodsCode=25017226,//ticketimage.interpark.com/Play/image/large/25/25017226_p.gif,family:0.5;couple:0.6;single:0.9;연극;인터파크실시간,2026-07-26 16:53:10
연극,26006311,연극 〈댄포스가 옳았다〉,예스24스테이지 3관,2026-06-12,2026-08-30,6,0.7%,24,https://tickets.interpark.com//ticket.interpark.com/Tiki/Main/TiKiGoodsinfo.asp?GoodsCode=26006311,//ticketimage.interpark.com/Play/image/large/26/26006311_p.gif,family:0.5;couple:0.6;single:0.9;연극;인터파크실시간,2026-07-26 16:53:10
연극,26008016,그레잇코미디추리극 〈히든퍼즐〉,컬쳐씨어터,2026-07-01,2026-08-31,3,0.7%,24,https://tickets.interpark.com//ticket.interpark.com/Tiki/Main/TiKiGoodsinfo.asp?GoodsCode=26008016,//ticketimage.interpark.com/Play/image/large/26/26008016_p.gif,family:0.5;couple:0.6;single:0.9;연극;인터파크실시간,2026-07-26 16:53:10
연극,26002626,뮤직드라마 〈불편한 편의점〉 - 김호연 작가의 밀리언셀러 소설이 공연으로 재탄생 (서울),올웨이즈씨어터,2023-04-08,2026-09-30,4,0.6%,26,https://tickets.interpark.com//ticket.interpark.com/Tiki/Main/TiKiGoodsinfo.asp?GoodsCode=26002626,//ticketimage.interpark.com/Play/image/large/26/26002626_p.gif,family:0.5;couple:0.6;single:0.9;연극;인터파크실시간,2026-07-26 16:53:10
연극,26004699,연극 〈내가 하면 로맨스〉,대학로 하마씨어터,2026-05-01,2026-08-31,5,0.6%,27,https://tickets.interpark.com//ticket.interpark.com/Tiki/Main/TiKiGoodsinfo.asp?GoodsCode=26004699,//ticketimage.interpark.com/Play/image/large/26/26004699_p.gif,family:0.5;couple:0.6;single:0.9;연극;인터파크실시간,2026-07-26 16:53:10
연극,24001916,대학로 대표 코믹 연극 〈오백에삼십〉 - 서울,JTN 아트홀 3관,2024-03-01,2026-08-31,3,0.6%,28,https://tickets.interpark.com//ticket.interpark.com/Tiki/Main/TiKiGoodsinfo.asp?GoodsCode=24001916,//ticketimage.interpark.com/Play/image/large/24/24001916_p.gif,family:0.5;couple:0.6;single:0.9;연극;인터파크실시간,2026-07-26 16:53:10
연극,18001569,대학로 대표 코믹 힐링극 〈뷰티풀라이프〉,JTN 아트홀 4관,2018-02-20,2026-08-31,3,0.6%,28,https://tickets.interpark.com//ticket.interpark.com/Tiki/Main/TiKiGoodsinfo.asp?GoodsCode=18001569,//ticketimage.interpark.com/Play/image/large/18/18001569_p.gif,family:0.5;couple:0.6;single:0.9;연극;인터파크실시간,2026-07-26 16:53:10
연극,26009725,준생:영웅으로 살다 - 횡성,횡성문화예술회관 대공연장,2026-08-07,2026-08-07,2,0.6%,28,https://tickets.interpark.com//ticket.interpark.com/Tiki/Main/TiKiGoodsinfo.asp?GoodsCode=26009725,//ticketimage.interpark.com/Play/image/large/26/26009725_p.gif,family:0.5;couple:0.6;single:0.9;연극;인터파크실시간,2026-07-26 16:53:10
연극,26002527,코믹추리극 ［마피아게임］,아라아트홀,2026-03-07,2026-08-31,2,0.5%,31,https://tickets.interpark.com//ticket.interpark.com/Tiki/Main/TiKiGoodsinfo.asp?GoodsCode=26002527,//ticketimage.interpark.com/Play/image/large/26/26002527_p.gif,family:0.5;couple:0.6;single:0.9;연극;인터파크실시간,2026-07-26 16:53:10
연극,26005602,연극 〈마트로시카〉,명보아트홀 3층 라온홀,2026-05-01,2026-08-31,4,0.5%,32,https://tickets.interpark.com//ticket.interpark.com/Tiki/Main/TiKiGoodsinfo.asp?GoodsCode=26005602,//ticketimage.interpark.com/Play/image/large/26/26005602_p.gif,family:0.5;couple:0.6;single:0.9;연극;인터파크실시간,2026-07-26 16:53:10
연극,26009068,마피아게임 - 광주,상무지구 기분좋은극장,2026-07-30,2026-08-30,3,0.5%,32,https://tickets.interpark.com//ticket.interpark.com/Tiki/Main/TiKiGoodsinfo.asp?GoodsCode=26009068,//ticketimage.interpark.com/Play/image/large/26/26009068_p.gif,family:0.5;couple:0.6;single:0.9;연극;인터파크실시간,2026-07-26 16:53:10
연극,24001114,연극 〈나의PS파트너〉,마루아트홀,2024-02-03,2026-08-31,3,0.5%,32,https://tickets.interpark.com//ticket.interpark.com/Tiki/Main/TiKiGoodsinfo.asp?GoodsCode=24001114,//ticketimage.interpark.com/Play/image/large/24/24001114_p.gif,family:0.5;couple:0.6;single:0.9;연극;인터파크실시간,2026-07-26 16:53:10
연극,26010241,2026 연극 〈다 내 아이들〉,아르코예술극장 소극장,2026-08-21,2026-08-30,3,0.4%,35,https://tickets.interpark.com//ticket.interpark.com/Tiki/Main/TiKiGoodsinfo.asp?GoodsCode=26010241,//ticketimage.interpark.com/Play/image/large/26/26010241_p.gif,family:0.5;couple:0.6;single:0.9;연극;인터파크실시간,2026-07-26 16:53:10
연극,26008357,공포스릴러연극 〈시그널〉 - 서울,공간 아울,2026-07-09,2026-08-24,2,0.4%,35,https://tickets.interpark.com//ticket.interpark.com/Tiki/Main/TiKiGoodsinfo.asp?GoodsCode=26008357,//ticketimage.interpark.com/Play/image/large/26/26008357_p.gif,family:0.5;couple:0.6;single:0.9;연극;인터파크실시간,2026-07-26 16:53:10
연극,26006949,연극 사랑해엄마 (인천),인천문화예술회관 대공연장,2026-09-05,2026-09-06,4,0.4%,37,https://tickets.interpark.com//ticket.interpark.com/Tiki/Main/TiKiGoodsinfo.asp?GoodsCode=26006949,//ticketimage.interpark.com/Play/image/large/26/26006949_p.gif,family:0.5;couple:0.6;single:0.9;연극;인터파크실시간,2026-07-26 16:53:10
연극,23003616,연극 핫식스,도토리씨어터,2023-04-03,2026-08-31,2,0.4%,37,https://tickets.interpark.com//ticket.interpark.com/Tiki/Main/TiKiGoodsinfo.asp?GoodsCode=23003616,//ticketimage.interpark.com/Play/image/large/23/23003616_p.gif,family:0.5;couple:0.6;single:0.9;연극;인터파크실시간,2026-07-26 16:53:10
연극,23004562,좀비연극 오마이갓,대학로 오마이갓 전용관,2023-04-11,2026-08-31,2,0.4%,37,https://tickets.interpark.com//ticket.interpark.com/Tiki/Main/TiKiGoodsinfo.asp?GoodsCode=23004562,//ticketimage.interpark.com/Play/image/large/23/23004562_p.gif,family:0.5;couple:0.6;single:0.9;연극;인터파크실시간,2026-07-26 16:53:10
연극,26008816,［2026 M 초이스］ 창극 〈살로메〉,마포아트센터 아트홀맥,2026-08-21,2026-08-23,4,0.4%,40,https://tickets.interpark.com//ticket.interpark.com/Tiki/Main/TiKiGoodsinfo.asp?GoodsCode=26008816,//ticketimage.interpark.com/Play/image/large/26/26008816_p.gif,family:0.5;couple:0.6;single:0.9;연극;인터파크실시간,2026-07-26 16:53:10
연극,26010649,연극 〈가족사진〉,대학로 더 씨어터,2026-07-30,2026-08-02,2,0.4%,40,https://tickets.interpark.com//ticket.interpark.com/Tiki/Main/TiKiGoodsinfo.asp?GoodsCode=26010649,//ticketimage.interpark.com/Play/image/large/26/26010649_p.gif,family:0.5;couple:0.6;single:0.9;연극;인터파크실시간,2026-07-26 16:53:10
연극,24001202,대학로 청소년연극 〈사춘기메들리〉,아라아트홀,2024-02-01,2026-08-31,2,0.4%,40,https://tickets.interpark.com//ticket.interpark.com/Tiki/Main/TiKiGoodsinfo.asp?GoodsCode=24001202,//ticketimage.interpark.com/Play/image/large/24/24001202_p.gif,family:0.5;couple:0.6;single:0.9;연극;인터파크실시간,2026-07-26 16:53:10
연극,23016780,연극 너의 목소리가 들려,도토리씨어터,2023-11-14,2026-08-31,2,0.3%,43,https://tickets.interpark.com//ticket.interpark.com/Tiki/Main/TiKiGoodsinfo.asp?GoodsCode=23016780,//ticketimage.interpark.com/Play/image/large/23/23016780_p.gif,family:0.5;couple:0.6;single:0.9;연극;인터파크실시간,2026-07-26 16:53:10
연극,26007546,국립극단 〈스카팽〉 - 화성,화성예술의전당 동탄아트홀,2026-11-20,2026-11-22,2,0.3%,43,https://tickets.interpark.com//ticket.interpark.com/Tiki/Main/TiKiGoodsinfo.asp?GoodsCode=26007546,//ticketimage.interpark.com/Play/image/large/26/26007546_p.gif,family:0.5;couple:0.6;single:0.9;연극;인터파크실시간,2026-07-26 16:53:10
연극,26005060,연극 〈렁스〉 : 연극열전10_아홉 번째 작품,충무아트센터 중극장 블랙,2026-05-23,2026-08-02,3,0.3%,45,https://tickets.interpark.com//ticket.interpark.com/Tiki/Main/TiKiGoodsinfo.asp?GoodsCode=26005060,//ticketimage.interpark.com/Play/image/large/26/26005060_p.gif,family:0.5;couple:0.6;single:0.9;연극;인터파크실시간,2026-07-26 16:53:10
연극,26008310,대구 동성로 공포연극 〈스위치〉 - 대구,문화예술전용극장 CT,2026-07-09,2026-08-30,2,0.3%,45,https://tickets.interpark.com//ticket.interpark.com/Tiki/Main/TiKiGoodsinfo.asp?GoodsCode=26008310,//ticketimage.interpark.com/Play/image/large/26/26008310_p.gif,family:0.5;couple:0.6;single:0.9;연극;인터파크실시간,2026-07-26 16:53:10
연극,26008748,연극 ［나의 PS파트너］ - 대구,여우별아트홀,2026-07-24,2026-08-30,2,0.3%,45,https://tickets.interpark.com//ticket.interpark.com/Tiki/Main/TiKiGoodsinfo.asp?GoodsCode=26008748,//ticketimage.interpark.com/Play/image/large/26/26008748_p.gif,family:0.5;couple:0.6;single:0.9;연극;인터파크실시간,2026-07-26 16:53:10
연극,21007446,대학로 혜화 연극 비누향기,서연아트홀,2021-07-10,2026-07-31,2,0.3%,45,https://tickets.interpark.com//ticket.interpark.com/Tiki/Main/TiKiGoodsinfo.asp?GoodsCode=21007446,//ticketimage.interpark.com/Play/image/large/21/21007446_p.gif,family:0.5;couple:0.6;single:0.9;연극;인터파크실시간,2026-07-26 16:53:10
연극,26002044,프랑스 스트라스부르 국립극장 ‘라크리마’,성남아트센터 오페라하우스,2026-10-02,2026-10-03,4,0.3%,49,https://tickets.interpark.com//ticket.interpark.com/Tiki/Main/TiKiGoodsinfo.asp?GoodsCode=26002044,//ticketimage.interpark.com/Play/image/large/26/26002044_p.gif,family:0.5;couple:0.6;single:0.9;연극;인터파크실시간,2026-07-26 16:53:10
연극,P0004771,피지컬 시어터 〈네이처 오브 포겟팅〉 : 연극열전10_열 번째 작품,세종문화회관 S씨어터,2026-09-18,2026-11-29,2,0.3%,49,https://tickets.interpark.com//ticket.interpark.com/Tiki/Main/TiKiGoodsinfo.asp?GoodsCode=P0004771,//ticketimage.interpark.com/Play/image/large/P0/P0004771_p.gif,family:0.5;couple:0.6;single:0.9;연극;인터파크실시간,2026-07-26 16:53:10
클래식/음악회,26008352,2026 예술의전당＆유니버설발레단 〈백조의 호수〉,예술의전당 오페라극장,2026-08-14,2026-08-23,9,6.5%,1,https://tickets.interpark.com//ticket.interpark.com/Tiki/Main/TiKiGoodsinfo.asp?GoodsCode=26008352,//ticketimage.interpark.com/Play/image/large/26/26008352_p.gif,family:0.5;couple:0.95;single:0.9;클래식/음악회;인터파크실시간,2026-07-26 16:53:10
클래식/음악회,26010025,국내 최초 〈인터스텔라 필름콘서트〉 한국 초연,경희대학교 평화의전당,2026-10-11,2026-10-11,8,2.4%,2,https://tickets.interpark.com//ticket.interpark.com/Tiki/Main/TiKiGoodsinfo.asp?GoodsCode=26010025,//ticketimage.interpark.com/Play/image/large/26/26010025_p.gif,family:0.5;couple:0.95;single:0.9;클래식/음악회;인터파크실시간,2026-07-26 16:53:10
클래식/음악회,26006406,지브리＆디즈니 영화음악 FESTA(8/9),롯데콘서트홀,2026-08-09,2026-08-09,7,2.4%,3,https://tickets.interpark.com//ticket.interpark.com/Tiki/Main/TiKiGoodsinfo.asp?GoodsCode=26006406,//ticketimage.interpark.com/Play/image/large/26/26006406_p.gif,family:0.5;couple:0.95;single:0.9;클래식/음악회;인터파크실시간,2026-07-26 16:53:10
클래식/음악회,26007743,"우리 시대 에투알 2026 (7.29, 8.1-2)",예술의전당 오페라극장,2026-07-29,2026-08-02,9,2.3%,4,https://tickets.interpark.com//ticket.interpark.com/Tiki/Main/TiKiGoodsinfo.asp?GoodsCode=26007743,//ticketimage.interpark.com/Play/image/large/26/26007743_p.gif,family:0.5;couple:0.95;single:0.9;클래식/음악회;인터파크실시간,2026-07-26 16:53:10
클래식/음악회,26008713,강남심포니오케스트라 제117회 정기연주회,예술의전당 콘서트홀,2026-08-05,2026-08-05,4,1.8%,5,https://tickets.interpark.com//ticket.interpark.com/Tiki/Main/TiKiGoodsinfo.asp?GoodsCode=26008713,//ticketimage.interpark.com/Play/image/large/26/26008713_p.gif,family:0.5;couple:0.95;single:0.9;클래식/음악회;인터파크실시간,2026-07-26 16:53:10
클래식/음악회,26007649,낭만주의 거장 〈말러＆라흐마니노프＆차이코프스키〉,예술의전당 콘서트홀,2026-09-03,2026-09-03,6,1.4%,6,https://tickets.interpark.com//ticket.interpark.com/Tiki/Main/TiKiGoodsinfo.asp?GoodsCode=26007649,//ticketimage.interpark.com/Play/image/large/26/26007649_p.gif,family:0.5;couple:0.95;single:0.9;클래식/음악회;인터파크실시간,2026-07-26 16:53:10
클래식/음악회,26010747,클래식시리즈3. 조수미 세계무대 데뷔 40주년 기념 공연 - 인천,인천문화예술회관 대공연장,2026-08-21,2026-08-21,6,1.3%,7,https://tickets.interpark.com//ticket.interpark.com/Tiki/Main/TiKiGoodsinfo.asp?GoodsCode=26010747,//ticketimage.interpark.com/Play/image/large/26/26010747_p.gif,family:0.5;couple:0.95;single:0.9;클래식/음악회;인터파크실시간,2026-07-26 16:53:10
클래식/음악회,26009901,2026 장한나의 대전그랜드페스티벌 오프닝 콘서트,대전예술의전당 아트홀,2026-10-04,2026-10-04,3,1.3%,7,https://tickets.interpark.com//ticket.interpark.com/Tiki/Main/TiKiGoodsinfo.asp?GoodsCode=26009901,//ticketimage.interpark.com/Play/image/large/26/26009901_p.gif,family:0.5;couple:0.95;single:0.9;클래식/음악회;인터파크실시간,2026-07-26 16:53:10
클래식/음악회,26010562,2026 천안예술의전당 개관14주년 기념공연II 국립오페라단 오페라 ＜피가로의 결혼＞ - 천안,천안예술의전당 대공연장,2026-09-19,2026-09-20,4,1.2%,9,https://tickets.interpark.com//ticket.interpark.com/Tiki/Main/TiKiGoodsinfo.asp?GoodsCode=26010562,//ticketimage.interpark.com/Play/image/large/26/26010562_p.gif,family:0.5;couple:0.95;single:0.9;클래식/음악회;인터파크실시간,2026-07-26 16:53:10
클래식/음악회,26010735,〈시댄스 투모로우〉 ［SIDance2026］,서울무용창작센터,2026-09-15,2026-09-18,3,1.2%,9,https://tickets.interpark.com//ticket.interpark.com/Tiki/Main/TiKiGoodsinfo.asp?GoodsCode=26010735,//ticketimage.interpark.com/Play/image/large/26/26010735_p.gif,family:0.5;couple:0.95;single:0.9;클래식/음악회;인터파크실시간,2026-07-26 16:53:10
클래식/음악회,26010276,파보 예르비 ＆ 에스토니안 페스티벌 오케스트라,예술의전당 콘서트홀,2026-10-20,2026-10-20,6,1.1%,11,https://tickets.interpark.com//ticket.interpark.com/Tiki/Main/TiKiGoodsinfo.asp?GoodsCode=26010276,//ticketimage.interpark.com/Play/image/large/26/26010276_p.gif,family:0.5;couple:0.95;single:0.9;클래식/음악회;인터파크실시간,2026-07-26 16:53:10
클래식/음악회,26007873,국립오페라단 〈라 트라비아타〉 - 화성,화성예술의전당 동탄아트홀,2026-09-11,2026-09-12,4,1.1%,11,https://tickets.interpark.com//ticket.interpark.com/Tiki/Main/TiKiGoodsinfo.asp?GoodsCode=26007873,//ticketimage.interpark.com/Play/image/large/26/26007873_p.gif,family:0.5;couple:0.95;single:0.9;클래식/음악회;인터파크실시간,2026-07-26 16:53:10
클래식/음악회,26010754,［NBF:B 2026］지젤 (Giselle),노원문화예술회관 대공연장,2026-08-21,2026-08-22,3,1.1%,13,https://tickets.interpark.com//ticket.interpark.com/Tiki/Main/TiKiGoodsinfo.asp?GoodsCode=26010754,//ticketimage.interpark.com/Play/image/large/26/26010754_p.gif,family:0.5;couple:0.95;single:0.9;클래식/음악회;인터파크실시간,2026-07-26 16:53:10
클래식/음악회,26007953,지브리＆디즈니 영화음악 FESTA,예술의전당 콘서트홀,2026-08-30,2026-08-30,6,1%,14,https://tickets.interpark.com//ticket.interpark.com/Tiki/Main/TiKiGoodsinfo.asp?GoodsCode=26007953,//ticketimage.interpark.com/Play/image/large/26/26007953_p.gif,family:0.5;couple:0.95;single:0.9;클래식/음악회;인터파크실시간,2026-07-26 16:53:10
클래식/음악회,26005815,너의 이름은. - 필름 콘서트 - 부산,부산콘서트홀 콘서트홀,2026-08-08,2026-08-08,5,1%,14,https://tickets.interpark.com//ticket.interpark.com/Tiki/Main/TiKiGoodsinfo.asp?GoodsCode=26005815,//ticketimage.interpark.com/Play/image/large/26/26005815_p.gif,family:0.5;couple:0.95;single:0.9;클래식/음악회;인터파크실시간,2026-07-26 16:53:10
클래식/음악회,26010434,포르테 디 콰트로 10주년 기념 콘서트_부산,부산콘서트홀 콘서트홀,2026-09-13,2026-09-13,6,0.9%,16,https://tickets.interpark.com//ticket.interpark.com/Tiki/Main/TiKiGoodsinfo.asp?GoodsCode=26010434,//ticketimage.interpark.com/Play/image/large/26/26010434_p.gif,family:0.5;couple:0.95;single:0.9;클래식/음악회;인터파크실시간,2026-07-26 16:53:10
클래식/음악회,26006927,지브리＆디즈니 영화음악 오케스트라 콘서트 - 2026 경주 OPEN,경주예술의전당 대공연장(화랑홀),2026-08-02,2026-08-02,5,0.9%,16,https://tickets.interpark.com//ticket.interpark.com/Tiki/Main/TiKiGoodsinfo.asp?GoodsCode=26006927,//ticketimage.interpark.com/Play/image/large/26/26006927_p.gif,family:0.5;couple:0.95;single:0.9;클래식/음악회;인터파크실시간,2026-07-26 16:53:10
클래식/음악회,26010317,제23회 대구국제오페라축제 〈마술피리〉 - 대구,수성아트피아 대극장,2026-10-16,2026-10-17,2,0.9%,16,https://tickets.interpark.com//ticket.interpark.com/Tiki/Main/TiKiGoodsinfo.asp?GoodsCode=26010317,//ticketimage.interpark.com/Play/image/large/26/26010317_p.gif,family:0.5;couple:0.95;single:0.9;클래식/음악회;인터파크실시간,2026-07-26 16:53:10
클래식/음악회,26008665,썸머 무비 콘서트 - 대전,대전예술의전당 아트홀,2026-08-06,2026-08-06,3,0.8%,19,https://tickets.interpark.com//ticket.interpark.com/Tiki/Main/TiKiGoodsinfo.asp?GoodsCode=26008665,//ticketimage.interpark.com/Play/image/large/26/26008665_p.gif,family:0.5;couple:0.95;single:0.9;클래식/음악회;인터파크실시간,2026-07-26 16:53:10
클래식/음악회,26009859,〈금난새의 유쾌한 클래식〉 대전국제음악제 - 대전,대전예술의전당 아트홀,2026-08-01,2026-08-01,3,0.8%,19,https://tickets.interpark.com//ticket.interpark.com/Tiki/Main/TiKiGoodsinfo.asp?GoodsCode=26009859,//ticketimage.interpark.com/Play/image/large/26/26009859_p.gif,family:0.5;couple:0.95;single:0.9;클래식/음악회;인터파크실시간,2026-07-26 16:53:10
클래식/음악회,26009661,주페 ‘레퀴엠’ 〈국립합창단 ＆ 강남심포니오케스트라〉 - 화성,남양성모성지 대성당,2026-09-13,2026-09-13,2,0.8%,19,https://tickets.interpark.com//ticket.interpark.com/Tiki/Main/TiKiGoodsinfo.asp?GoodsCode=26009661,//ticketimage.interpark.com/Play/image/large/26/26009661_p.gif,family:0.5;couple:0.95;single:0.9;클래식/음악회;인터파크실시간,2026-07-26 16:53:10
클래식/음악회,26001652,국립오페라단 정기공연 오페라 〈라인의 황금〉,예술의전당 오페라극장,2026-10-29,2026-11-01,5,0.8%,22,https://tickets.interpark.com//ticket.interpark.com/Tiki/Main/TiKiGoodsinfo.asp?GoodsCode=26001652,//ticketimage.interpark.com/Play/image/large/26/26001652_p.gif,family:0.5;couple:0.95;single:0.9;클래식/음악회;인터파크실시간,2026-07-26 16:53:10
클래식/음악회,26009966,손민수 피아노 리사이틀,예술의전당 콘서트홀,2026-10-27,2026-10-27,5,0.8%,22,https://tickets.interpark.com//ticket.interpark.com/Tiki/Main/TiKiGoodsinfo.asp?GoodsCode=26009966,//ticketimage.interpark.com/Play/image/large/26/26009966_p.gif,family:0.5;couple:0.95;single:0.9;클래식/음악회;인터파크실시간,2026-07-26 16:53:10
클래식/음악회,26004796,지브리＆디즈니 영화음악 오케스트라 콘서트 - 대구 앙코르,수성아트피아 대극장,2026-08-23,2026-08-23,4,0.8%,22,https://tickets.interpark.com//ticket.interpark.com/Tiki/Main/TiKiGoodsinfo.asp?GoodsCode=26004796,//ticketimage.interpark.com/Play/image/large/26/26004796_p.gif,family:0.5;couple:0.95;single:0.9;클래식/음악회;인터파크실시간,2026-07-26 16:53:10
클래식/음악회,P0004727,썸머 무비 콘서트,세종문화회관 대극장,2026-08-17,2026-08-17,4,0.8%,22,https://tickets.interpark.com//ticket.interpark.com/Tiki/Main/TiKiGoodsinfo.asp?GoodsCode=P0004727,//ticketimage.interpark.com/Play/image/large/P0/P0004727_p.gif,family:0.5;couple:0.95;single:0.9;클래식/음악회;인터파크실시간,2026-07-26 16:53:10
클래식/음악회,26007332,시네마 배틀 콘서트 LEGEND VS LEGEND,롯데콘서트홀,2026-07-26,2026-07-26,3,0.8%,22,https://tickets.interpark.com//ticket.interpark.com/Tiki/Main/TiKiGoodsinfo.asp?GoodsCode=26007332,//ticketimage.interpark.com/Play/image/large/26/26007332_p.gif,family:0.5;couple:0.95;single:0.9;클래식/음악회;인터파크실시간,2026-07-26 16:53:10
클래식/음악회,26009589,2026 〈청춘만발〉,국립정동극장 세실,2026-08-10,2026-08-21,2,0.8%,22,https://tickets.interpark.com//ticket.interpark.com/Tiki/Main/TiKiGoodsinfo.asp?GoodsCode=26009589,//ticketimage.interpark.com/Play/image/large/26/26009589_p.gif,family:0.5;couple:0.95;single:0.9;클래식/음악회;인터파크실시간,2026-07-26 16:53:10
클래식/음악회,26001653,국립오페라단 정기공연 오페라 〈돈 카를로스〉,예술의전당 오페라극장,2026-12-03,2026-12-06,5,0.7%,28,https://tickets.interpark.com//ticket.interpark.com/Tiki/Main/TiKiGoodsinfo.asp?GoodsCode=26001653,//ticketimage.interpark.com/Play/image/large/26/26001653_p.gif,family:0.5;couple:0.95;single:0.9;클래식/음악회;인터파크실시간,2026-07-26 16:53:10
클래식/음악회,26006300,2026 예술의전당 오페라 〈투란도트〉 (7.26),예술의전당 오페라극장,2026-07-26,2026-07-26,4,0.7%,28,https://tickets.interpark.com//ticket.interpark.com/Tiki/Main/TiKiGoodsinfo.asp?GoodsCode=26006300,//ticketimage.interpark.com/Play/image/large/26/26006300_p.gif,family:0.5;couple:0.95;single:0.9;클래식/음악회;인터파크실시간,2026-07-26 16:53:10
클래식/음악회,25017203,KBS교향악단 제829회 정기연주회,예술의전당 콘서트홀,2026-08-27,2026-08-27,4,0.7%,28,https://tickets.interpark.com//ticket.interpark.com/Tiki/Main/TiKiGoodsinfo.asp?GoodsCode=25017203,//ticketimage.interpark.com/Play/image/large/25/25017203_p.gif,family:0.5;couple:0.95;single:0.9;클래식/음악회;인터파크실시간,2026-07-26 16:53:10
클래식/음악회,26009703,MelON 디즈니+ 지브리 오케스트라 콘서트 vol.3 - 고양앙코르,고양아람누리 아람음악당,2026-08-30,2026-08-30,3,0.7%,28,https://tickets.interpark.com//ticket.interpark.com/Tiki/Main/TiKiGoodsinfo.asp?GoodsCode=26009703,//ticketimage.interpark.com/Play/image/large/26/26009703_p.gif,family:0.5;couple:0.95;single:0.9;클래식/음악회;인터파크실시간,2026-07-26 16:53:10
클래식/음악회,26006010,2026 평창대관령음악제 Concert ＃8 ‘고독에서 환희로’,알펜시아 콘서트홀,2026-07-28,2026-07-28,3,0.7%,28,https://tickets.interpark.com//ticket.interpark.com/Tiki/Main/TiKiGoodsinfo.asp?GoodsCode=26006010,//ticketimage.interpark.com/Play/image/large/26/26006010_p.gif,family:0.5;couple:0.95;single:0.9;클래식/음악회;인터파크실시간,2026-07-26 16:53:10
클래식/음악회,26010703,KT그룹희망나눔재단과 함께하는 예술의전당 마음을 담은 클래식(8월),예술의전당 콘서트홀,2026-08-28,2026-08-28,2,0.7%,28,https://tickets.interpark.com//ticket.interpark.com/Tiki/Main/TiKiGoodsinfo.asp?GoodsCode=26010703,//ticketimage.interpark.com/Play/image/large/26/26010703_p.gif,family:0.5;couple:0.95;single:0.9;클래식/음악회;인터파크실시간,2026-07-26 16:53:10
클래식/음악회,25017043,"국립심포니오케스트라 〈파야, 삼각모자 모음곡〉",예술의전당 콘서트홀,2026-08-07,2026-08-07,2,0.7%,28,https://tickets.interpark.com//ticket.interpark.com/Tiki/Main/TiKiGoodsinfo.asp?GoodsCode=25017043,//ticketimage.interpark.com/Play/image/large/25/25017043_p.gif,family:0.5;couple:0.95;single:0.9;클래식/음악회;인터파크실시간,2026-07-26 16:53:10
클래식/음악회,26005649,2026 마포아트센터 마티네 콘서트［MAC 모닝 콘서트］＃6,마포아트센터 아트홀맥,2026-08-26,2026-08-26,2,0.7%,28,https://tickets.interpark.com//ticket.interpark.com/Tiki/Main/TiKiGoodsinfo.asp?GoodsCode=26005649,//ticketimage.interpark.com/Play/image/large/26/26005649_p.gif,family:0.5;couple:0.95;single:0.9;클래식/음악회;인터파크실시간,2026-07-26 16:53:10
클래식/음악회,26010554,영유아를 위한 베이비오페라 〈오르페오의 포근〉 - 구리,구리아트홀 코스모스 대극장,2026-08-08,2026-08-09,2,0.7%,28,https://tickets.interpark.com//ticket.interpark.com/Tiki/Main/TiKiGoodsinfo.asp?GoodsCode=26010554,//ticketimage.interpark.com/Play/image/large/26/26010554_p.gif,family:0.5;couple:0.95;single:0.9;클래식/음악회;인터파크실시간,2026-07-26 16:53:10
클래식/음악회,26006932,사이먼 래틀 경 ＆ 바이에른 방송교향악단 (11/12),예술의전당 콘서트홀,2026-11-12,2026-11-12,7,0.6%,37,https://tickets.interpark.com//ticket.interpark.com/Tiki/Main/TiKiGoodsinfo.asp?GoodsCode=26006932,//ticketimage.interpark.com/Play/image/large/26/26006932_p.gif,family:0.5;couple:0.95;single:0.9;클래식/음악회;인터파크실시간,2026-07-26 16:53:10
클래식/음악회,26005845,디즈니 판타지아 인 콘서트,예술의전당 콘서트홀,2026-08-04,2026-08-04,4,0.6%,37,https://tickets.interpark.com//ticket.interpark.com/Tiki/Main/TiKiGoodsinfo.asp?GoodsCode=26005845,//ticketimage.interpark.com/Play/image/large/26/26005845_p.gif,family:0.5;couple:0.95;single:0.9;클래식/음악회;인터파크실시간,2026-07-26 16:53:10
클래식/음악회,26008550,지브리＆디즈니 영화음악 오케스트라 콘서트 - 광주 앙코르 (9/13),광주예술의전당 대극장,2026-09-13,2026-09-13,4,0.6%,37,https://tickets.interpark.com//ticket.interpark.com/Tiki/Main/TiKiGoodsinfo.asp?GoodsCode=26008550,//ticketimage.interpark.com/Play/image/large/26/26008550_p.gif,family:0.5;couple:0.95;single:0.9;클래식/음악회;인터파크실시간,2026-07-26 16:53:10
클래식/음악회,26010349,윤별발레컴퍼니 발레 갈라 〈앙 드올〉 - 수원,수원SK아트리움 대공연장,2026-09-06,2026-09-06,3,0.6%,37,https://tickets.interpark.com//ticket.interpark.com/Tiki/Main/TiKiGoodsinfo.asp?GoodsCode=26010349,//ticketimage.interpark.com/Play/image/large/26/26010349_p.gif,family:0.5;couple:0.95;single:0.9;클래식/음악회;인터파크실시간,2026-07-26 16:53:10
클래식/음악회,26010284,KBS교향악단과 함께하는 제10회 여수음악제 - 특별연주회Ⅱ〈백윤학의 Cine-Fantasy〉,GS칼텍스 예울마루 대극장,2026-09-04,2026-09-04,2,0.6%,37,https://tickets.interpark.com//ticket.interpark.com/Tiki/Main/TiKiGoodsinfo.asp?GoodsCode=26010284,//ticketimage.interpark.com/Play/image/large/26/26010284_p.gif,family:0.5;couple:0.95;single:0.9;클래식/음악회;인터파크실시간,2026-07-26 16:53:10
클래식/음악회,26010001,지브리 ＆ 디즈니 OST 콘서트 with 첼로댁-이천,이천아트홀 대공연장,2026-08-29,2026-08-29,2,0.6%,37,https://tickets.interpark.com//ticket.interpark.com/Tiki/Main/TiKiGoodsinfo.asp?GoodsCode=26010001,//ticketimage.interpark.com/Play/image/large/26/26010001_p.gif,family:0.5;couple:0.95;single:0.9;클래식/음악회;인터파크실시간,2026-07-26 16:53:10
클래식/음악회,26007999,예술의전당 토요콘서트 - 프리뷰 베토벤(8월),예술의전당 콘서트홀,2026-08-15,2026-08-15,2,0.6%,37,https://tickets.interpark.com//ticket.interpark.com/Tiki/Main/TiKiGoodsinfo.asp?GoodsCode=26007999,//ticketimage.interpark.com/Play/image/large/26/26007999_p.gif,family:0.5;couple:0.95;single:0.9;클래식/음악회;인터파크실시간,2026-07-26 16:53:10
클래식/음악회,26009862,동물의 사육제 - 의정부,의정부예술의전당 소극장,2026-08-08,2026-08-08,1,0.6%,37,https://tickets.interpark.com//ticket.interpark.com/Tiki/Main/TiKiGoodsinfo.asp?GoodsCode=26009862,//ticketimage.interpark.com/Play/image/large/26/26009862_p.gif,family:0.5;couple:0.95;single:0.9;클래식/음악회;인터파크실시간,2026-07-26 16:53:10
클래식/음악회,26010153,사물놀이 느닷 〈양평아리랑〉 쇼케이스 - 양평,씨어터양평,2026-08-01,2026-08-01,1,0.6%,37,https://tickets.interpark.com//ticket.interpark.com/Tiki/Main/TiKiGoodsinfo.asp?GoodsCode=26010153,//ticketimage.interpark.com/Play/image/large/26/26010153_p.gif,family:0.5;couple:0.95;single:0.9;클래식/음악회;인터파크실시간,2026-07-26 16:53:10
클래식/음악회,26008255,양인모 ＆ 헬싱키 필하모닉 오케스트라-대전,대전예술의전당 아트홀,2026-10-21,2026-10-21,4,0.5%,46,https://tickets.interpark.com//ticket.interpark.com/Tiki/Main/TiKiGoodsinfo.asp?GoodsCode=26008255,//ticketimage.interpark.com/Play/image/large/26/26008255_p.gif,family:0.5;couple:0.95;single:0.9;클래식/음악회;인터파크실시간,2026-07-26 16:53:10
클래식/음악회,26005143,한스 짐머 영화음악 콘서트 2026_서울,예술의전당 콘서트홀,2026-08-29,2026-08-29,4,0.5%,46,https://tickets.interpark.com//ticket.interpark.com/Tiki/Main/TiKiGoodsinfo.asp?GoodsCode=26005143,//ticketimage.interpark.com/Play/image/large/26/26005143_p.gif,family:0.5;couple:0.95;single:0.9;클래식/음악회;인터파크실시간,2026-07-26 16:53:10
클래식/음악회,26010712,한스 짐머 영화음악 콘서트 2026_수원,수원SK아트리움 대공연장,2026-10-04,2026-10-04,4,0.5%,46,https://tickets.interpark.com//ticket.interpark.com/Tiki/Main/TiKiGoodsinfo.asp?GoodsCode=26010712,//ticketimage.interpark.com/Play/image/large/26/26010712_p.gif,family:0.5;couple:0.95;single:0.9;클래식/음악회;인터파크실시간,2026-07-26 16:53:10
클래식/음악회,26010548,지용 피아노 리사이틀,롯데콘서트홀,2026-09-29,2026-09-29,3,0.5%,46,https://tickets.interpark.com//ticket.interpark.com/Tiki/Main/TiKiGoodsinfo.asp?GoodsCode=26010548,//ticketimage.interpark.com/Play/image/large/26/26010548_p.gif,family:0.5;couple:0.95;single:0.9;클래식/음악회;인터파크실시간,2026-07-26 16:53:10
클래식/음악회,26009493,지브리＆디즈니 영화음악 FESTA(10/3),롯데콘서트홀,2026-10-03,2026-10-03,3,0.5%,46,https://tickets.interpark.com//ticket.interpark.com/Tiki/Main/TiKiGoodsinfo.asp?GoodsCode=26009493,//ticketimage.interpark.com/Play/image/large/26/26009493_p.gif,family:0.5;couple:0.95;single:0.9;클래식/음악회;인터파크실시간,2026-07-26 16:53:10
전시/행사,26005868,［단독 10%할인］ 키크니 특별전 : 그렸고 그런사이,동대문디자인플라자 뮤지엄 전시 1관,2026-04-25,2026-09-06,9,15.2%,1,https://tickets.interpark.com//ticket.interpark.com/Tiki/Main/TiKiGoodsinfo.asp?GoodsCode=26005868,//ticketimage.interpark.com/Play/image/large/26/26005868_p.gif,family:0.7;couple:0.95;single:0.6;전시/행사;인터파크실시간,2026-07-26 16:53:11
전시/행사,26006222,"인상주의를 넘어: 르누아르, 드가, 고흐, 마티스, 피카소","세종문화회관 미술관 1,2관",2026-05-28,2026-08-23,9,12.8%,2,https://tickets.interpark.com//ticket.interpark.com/Tiki/Main/TiKiGoodsinfo.asp?GoodsCode=26006222,//ticketimage.interpark.com/Play/image/large/26/26006222_p.gif,family:0.7;couple:0.95;single:0.6;전시/행사;인터파크실시간,2026-07-26 16:53:11
전시/행사,26010009,［얼리버드］ 현대카드 컬처프로젝트31 웨인티보 전,동대문디자인플라자 뮤지엄,2026-09-19,2026-12-18,7,7.9%,3,https://tickets.interpark.com//ticket.interpark.com/Tiki/Main/TiKiGoodsinfo.asp?GoodsCode=26010009,//ticketimage.interpark.com/Play/image/large/26/26010009_p.gif,family:0.7;couple:0.95;single:0.6;전시/행사;인터파크실시간,2026-07-26 16:53:11
전시/행사,26009468,스튜디오 지브리展 in Jeju,제주 동화마을 아트센터,2026-07-11,2027-07-11,8,7.6%,4,https://tickets.interpark.com//ticket.interpark.com/Tiki/Main/TiKiGoodsinfo.asp?GoodsCode=26009468,//ticketimage.interpark.com/Play/image/large/26/26009468_p.gif,family:0.7;couple:0.95;single:0.6;전시/행사;인터파크실시간,2026-07-26 16:53:11
전시/행사,26010702,"［얼리버드40%할인］ 봉주르, 장자크 상페",마이아트뮤지엄 원그로브점,2026-09-10,2026-10-18,6,4.7%,5,https://tickets.interpark.com//ticket.interpark.com/Tiki/Main/TiKiGoodsinfo.asp?GoodsCode=26010702,//ticketimage.interpark.com/Play/image/large/26/26010702_p.gif,family:0.7;couple:0.95;single:0.6;전시/행사;인터파크실시간,2026-07-26 16:53:11
전시/행사,26000742,대구간송미술관 상설전시,대구간송미술관,2026-01-27,2026-08-30,3,3.2%,6,https://tickets.interpark.com//ticket.interpark.com/Tiki/Main/TiKiGoodsinfo.asp?GoodsCode=26000742,//ticketimage.interpark.com/Play/image/large/26/26000742_p.gif,family:0.7;couple:0.95;single:0.6;전시/행사;인터파크실시간,2026-07-26 16:53:11
전시/행사,26009680,［여름특가 30% 할인］ 와일드스미스 그림책 원화展,예술의전당 서예박물관,2026-07-07,2026-10-16,6,2.8%,7,https://tickets.interpark.com//ticket.interpark.com/Tiki/Main/TiKiGoodsinfo.asp?GoodsCode=26009680,//ticketimage.interpark.com/Play/image/large/26/26009680_p.gif,family:0.7;couple:0.95;single:0.6;전시/행사;인터파크실시간,2026-07-26 16:53:11
전시/행사,26001243,〈인상파의 밤 : 파리 1874 / 쿠푸왕의 피라미드〉,전쟁기념관 특별전시실,2026-03-17,2026-09-30,7,2.8%,8,https://tickets.interpark.com//ticket.interpark.com/Tiki/Main/TiKiGoodsinfo.asp?GoodsCode=26001243,//ticketimage.interpark.com/Play/image/large/26/26001243_p.gif,family:0.7;couple:0.95;single:0.6;전시/행사;인터파크실시간,2026-07-26 16:53:11
전시/행사,26010707,［뱅크시특별전］ 뱅크시 : Still Here,더현대서울 6층 ALT.1,2026-07-22,2026-11-03,6,2.6%,9,https://tickets.interpark.com//ticket.interpark.com/Tiki/Main/TiKiGoodsinfo.asp?GoodsCode=26010707,//ticketimage.interpark.com/Play/image/large/26/26010707_p.gif,family:0.7;couple:0.95;single:0.6;전시/행사;인터파크실시간,2026-07-26 16:53:11
전시/행사,26006746,［오픈 특가 ~25%］ 울트라백화점 부산 : 텍스트 쇼핑 클럽,"부산 영도 피아크 전시장 2F,3F",2026-07-17,2026-11-01,6,2.3%,10,https://tickets.interpark.com//ticket.interpark.com/Tiki/Main/TiKiGoodsinfo.asp?GoodsCode=26006746,//ticketimage.interpark.com/Play/image/large/26/26006746_p.gif,family:0.7;couple:0.95;single:0.6;전시/행사;인터파크실시간,2026-07-26 16:53:11
전시/행사,26007685,앤디 워홀: 예술을 팔다 - 대구,대구문화예술회관 미술관,2026-07-03,2026-10-25,6,2.1%,11,https://tickets.interpark.com//ticket.interpark.com/Tiki/Main/TiKiGoodsinfo.asp?GoodsCode=26007685,//ticketimage.interpark.com/Play/image/large/26/26007685_p.gif,family:0.7;couple:0.95;single:0.6;전시/행사;인터파크실시간,2026-07-26 16:53:11
전시/행사,26006230,［단독할인 평일10%］ 페르난도 보테로전,예술의전당 한가람디자인미술관,2026-04-24,2026-08-30,6,2.1%,12,https://tickets.interpark.com//ticket.interpark.com/Tiki/Main/TiKiGoodsinfo.asp?GoodsCode=26006230,//ticketimage.interpark.com/Play/image/large/26/26006230_p.gif,family:0.7;couple:0.95;single:0.6;전시/행사;인터파크실시간,2026-07-26 16:53:11
전시/행사,26007155,［북촌］2026년 7월~8월_어둠속의대화(DIALOGUE IN THE DARK),북촌 어둠속의대화,2010-01-20,2026-08-31,6,1.9%,13,https://tickets.interpark.com//ticket.interpark.com/Tiki/Main/TiKiGoodsinfo.asp?GoodsCode=26007155,//ticketimage.interpark.com/Play/image/large/26/26007155_p.gif,family:0.7;couple:0.95;single:0.6;전시/행사;인터파크실시간,2026-07-26 16:53:11
전시/행사,26007353,내셔널지오그래픽 특별기획 OCEAN 가장 거대한 기록,충무아트센터 갤러리,2026-06-06,2026-10-11,5,1.7%,14,https://tickets.interpark.com//ticket.interpark.com/Tiki/Main/TiKiGoodsinfo.asp?GoodsCode=26007353,//ticketimage.interpark.com/Play/image/large/26/26007353_p.gif,family:0.7;couple:0.95;single:0.6;전시/행사;인터파크실시간,2026-07-26 16:53:11
전시/행사,26003427,맥스 시덴토프 개인전,그라운드시소 센트럴,2026-03-27,2026-08-30,4,1.7%,14,https://tickets.interpark.com//ticket.interpark.com/Tiki/Main/TiKiGoodsinfo.asp?GoodsCode=26003427,//ticketimage.interpark.com/Play/image/large/26/26003427_p.gif,family:0.7;couple:0.95;single:0.6;전시/행사;인터파크실시간,2026-07-26 16:53:11
전시/행사,26006321,성률 기획전 여름을 닮은 우리,그라운드시소 한남,2026-04-30,2026-09-27,4,1.5%,16,https://tickets.interpark.com//ticket.interpark.com/Tiki/Main/TiKiGoodsinfo.asp?GoodsCode=26006321,//ticketimage.interpark.com/Play/image/large/26/26006321_p.gif,family:0.7;couple:0.95;single:0.6;전시/행사;인터파크실시간,2026-07-26 16:53:11
전시/행사,26007894,［상시관람］ 진격의 거인展 FINAL,DUEX(덕스)홍대,2026-06-22,2026-11-01,6,1.5%,17,https://tickets.interpark.com//ticket.interpark.com/Tiki/Main/TiKiGoodsinfo.asp?GoodsCode=26007894,//ticketimage.interpark.com/Play/image/large/26/26007894_p.gif,family:0.7;couple:0.95;single:0.6;전시/행사;인터파크실시간,2026-07-26 16:53:11
전시/행사,26005653,서울일러스트레이션페어V.21 얼리버드 티켓,코엑스 Hall C,2026-07-30,2026-08-02,4,1.4%,18,https://tickets.interpark.com//ticket.interpark.com/Tiki/Main/TiKiGoodsinfo.asp?GoodsCode=26005653,//ticketimage.interpark.com/Play/image/large/26/26005653_p.gif,family:0.7;couple:0.95;single:0.6;전시/행사;인터파크실시간,2026-07-26 16:53:11
전시/행사,26008798,아기상어 비밀 초대장: 비커밍 샤크,동대문디자인플라자 전시 2관,2026-06-18,2026-12-19,6,1.2%,19,https://tickets.interpark.com//ticket.interpark.com/Tiki/Main/TiKiGoodsinfo.asp?GoodsCode=26008798,//ticketimage.interpark.com/Play/image/large/26/26008798_p.gif,family:0.7;couple:0.95;single:0.6;전시/행사;인터파크실시간,2026-07-26 16:53:11
전시/행사,26010388,［개막특가］ 조은 원화전: 오늘의 정원,그라운드시소 이스트,2026-07-17,2026-11-29,4,1.2%,19,https://tickets.interpark.com//ticket.interpark.com/Tiki/Main/TiKiGoodsinfo.asp?GoodsCode=26010388,//ticketimage.interpark.com/Play/image/large/26/26010388_p.gif,family:0.7;couple:0.95;single:0.6;전시/행사;인터파크실시간,2026-07-26 16:53:11
전시/행사,26008108,［청주］ 앙리마티스와 파리의 화가들,"문화제조창 본관 3층 한국공예관 갤러리 3,5관",2026-07-16,2026-10-25,3,1%,21,https://tickets.interpark.com//ticket.interpark.com/Tiki/Main/TiKiGoodsinfo.asp?GoodsCode=26008108,//ticketimage.interpark.com/Play/image/large/26/26008108_p.gif,family:0.7;couple:0.95;single:0.6;전시/행사;인터파크실시간,2026-07-26 16:53:11
전시/행사,26009667,대전 국제 와인 EXPO 2026 입장권,대전컨벤션센터 제2전시장,2026-11-06,2026-11-08,3,0.9%,22,https://tickets.interpark.com//ticket.interpark.com/Tiki/Main/TiKiGoodsinfo.asp?GoodsCode=26009667,//ticketimage.interpark.com/Play/image/large/26/26009667_p.gif,family:0.7;couple:0.95;single:0.6;전시/행사;인터파크실시간,2026-07-26 16:53:11
전시/행사,26010749,［슈퍼얼리버드］ 이강소: 일어나고 사라지는,롯데뮤지엄,2026-08-21,2026-09-20,2,0.8%,23,https://tickets.interpark.com//ticket.interpark.com/Tiki/Main/TiKiGoodsinfo.asp?GoodsCode=26010749,//ticketimage.interpark.com/Play/image/large/26/26010749_p.gif,family:0.7;couple:0.95;single:0.6;전시/행사;인터파크실시간,2026-07-26 16:53:11
전시/행사,26007094,［동탄］2026년 7월~8월_어둠속의대화(DIALOGUE IN THE DARK),동탄 어둠속의대화,2021-08-20,2026-08-31,4,0.7%,24,https://tickets.interpark.com//ticket.interpark.com/Tiki/Main/TiKiGoodsinfo.asp?GoodsCode=26007094,//ticketimage.interpark.com/Play/image/large/26/26007094_p.gif,family:0.7;couple:0.95;single:0.6;전시/행사;인터파크실시간,2026-07-26 16:53:11
전시/행사,26007635,［여름특가］ 마르크 샤갈 특별전 대구,대구예술발전소,2026-06-30,2026-10-11,3,0.7%,25,https://tickets.interpark.com//ticket.interpark.com/Tiki/Main/TiKiGoodsinfo.asp?GoodsCode=26007635,//ticketimage.interpark.com/Play/image/large/26/26007635_p.gif,family:0.7;couple:0.95;single:0.6;전시/행사;인터파크실시간,2026-07-26 16:53:11
전시/행사,26005043,"에바 알머슨의 체험전 〈리나, 슈퍼히어로〉",한전갤러리,2026-05-01,2026-08-23,2,0.7%,26,https://tickets.interpark.com//ticket.interpark.com/Tiki/Main/TiKiGoodsinfo.asp?GoodsCode=26005043,//ticketimage.interpark.com/Play/image/large/26/26005043_p.gif,family:0.7;couple:0.95;single:0.6;전시/행사;인터파크실시간,2026-07-26 16:53:11
전시/행사,26009249,"［얼리버드］ 헤일리 티프먼, 일상을 그리다 평범한 하루의 온도 - 부산",포디움다이브 광안,2026-07-30,2026-09-13,2,0.7%,26,https://tickets.interpark.com//ticket.interpark.com/Tiki/Main/TiKiGoodsinfo.asp?GoodsCode=26009249,//ticketimage.interpark.com/Play/image/large/26/26009249_p.gif,family:0.7;couple:0.95;single:0.6;전시/행사;인터파크실시간,2026-07-26 16:53:11
전시/행사,26010853,［입장권］ 2026 송도맥주축제: 환상의 나라 비어랜드(일자지정),송도달빛축제공원,2026-08-22,2026-08-30,2,0.6%,28,https://tickets.interpark.com//ticket.interpark.com/Tiki/Main/TiKiGoodsinfo.asp?GoodsCode=26010853,//ticketimage.interpark.com/Play/image/large/26/26010853_p.gif,family:0.7;couple:0.95;single:0.6;전시/행사;인터파크실시간,2026-07-26 16:53:11
전시/행사,26009282,［HYBE INSIGHT］ 투모로우바이투게더 전시 ＇LAYERS OF US＇,더 서울라이티움,2026-08-13,2026-09-06,4,0.5%,29,https://tickets.interpark.com//ticket.interpark.com/Tiki/Main/TiKiGoodsinfo.asp?GoodsCode=26009282,//ticketimage.interpark.com/Play/image/large/26/26009282_p.gif,family:0.7;couple:0.95;single:0.6;전시/행사;인터파크실시간,2026-07-26 16:53:11
전시/행사,26010190,2026 서울카페쇼,서울 코엑스 전관,2026-11-11,2026-11-14,2,0.5%,29,https://tickets.interpark.com//ticket.interpark.com/Tiki/Main/TiKiGoodsinfo.asp?GoodsCode=26010190,//ticketimage.interpark.com/Play/image/large/26/26010190_p.gif,family:0.7;couple:0.95;single:0.6;전시/행사;인터파크실시간,2026-07-26 16:53:11
전시/행사,26003900,찬란한 에르미타주,"문화비축기지 T4, T5 전시장",2026-04-30,2026-07-30,2,0.5%,29,https://tickets.interpark.com//ticket.interpark.com/Tiki/Main/TiKiGoodsinfo.asp?GoodsCode=26003900,//ticketimage.interpark.com/Play/image/large/26/26003900_p.gif,family:0.7;couple:0.95;single:0.6;전시/행사;인터파크실시간,2026-07-26 16:53:11
전시/행사,26004725,파리 보이지 않는 파리 프랑스 사진전,성곡미술관 전관,2026-04-02,2026-07-26,2,0.5%,29,https://tickets.interpark.com//ticket.interpark.com/Tiki/Main/TiKiGoodsinfo.asp?GoodsCode=26004725,//ticketimage.interpark.com/Play/image/large/26/26004725_p.gif,family:0.7;couple:0.95;single:0.6;전시/행사;인터파크실시간,2026-07-26 16:53:11
전시/행사,26010061,［VIP］ 2026 송도맥주축제: 환상의 나라 비어랜드,송도달빛축제공원,2026-08-22,2026-08-30,8,0.5%,33,https://tickets.interpark.com//ticket.interpark.com/Tiki/Main/TiKiGoodsinfo.asp?GoodsCode=26010061,//ticketimage.interpark.com/Play/image/large/26/26010061_p.gif,family:0.7;couple:0.95;single:0.6;전시/행사;인터파크실시간,2026-07-26 16:53:11
전시/행사,26007072,［50%할인］ 필립 예니카 기획전: 럭키 럭키 럭키,띠아트뮤지엄 홍대,2026-06-19,2026-09-19,2,0.4%,34,https://tickets.interpark.com//ticket.interpark.com/Tiki/Main/TiKiGoodsinfo.asp?GoodsCode=26007072,//ticketimage.interpark.com/Play/image/large/26/26007072_p.gif,family:0.7;couple:0.95;single:0.6;전시/행사;인터파크실시간,2026-07-26 16:53:11
전시/행사,26007456,워너 브롱크호스트 부산전,그랜드 조선 부산,2026-05-22,2026-10-25,2,0.4%,34,https://tickets.interpark.com//ticket.interpark.com/Tiki/Main/TiKiGoodsinfo.asp?GoodsCode=26007456,//ticketimage.interpark.com/Play/image/large/26/26007456_p.gif,family:0.7;couple:0.95;single:0.6;전시/행사;인터파크실시간,2026-07-26 16:53:11
전시/행사,26009895,［예매10%할인］ 자비 솔라 특별전,예술의전당 서예박물관,2026-07-10,2026-10-17,2,0.4%,34,https://tickets.interpark.com//ticket.interpark.com/Tiki/Main/TiKiGoodsinfo.asp?GoodsCode=26009895,//ticketimage.interpark.com/Play/image/large/26/26009895_p.gif,family:0.7;couple:0.95;single:0.6;전시/행사;인터파크실시간,2026-07-26 16:53:11
전시/행사,26007236,2026 아시아프 100,아트조선스페이스,2026-07-01,2026-08-05,1,0.4%,34,https://tickets.interpark.com//ticket.interpark.com/Tiki/Main/TiKiGoodsinfo.asp?GoodsCode=26007236,//ticketimage.interpark.com/Play/image/large/26/26007236_p.gif,family:0.7;couple:0.95;single:0.6;전시/행사;인터파크실시간,2026-07-26 16:53:11
전시/행사,26008560,뱅크시 사진전 〈 Who is Banksy 〉 - 청주,청주동부창고 6동 이벤트홀,2026-07-08,2026-08-30,2,0.4%,38,https://tickets.interpark.com//ticket.interpark.com/Tiki/Main/TiKiGoodsinfo.asp?GoodsCode=26008560,//ticketimage.interpark.com/Play/image/large/26/26008560_p.gif,family:0.7;couple:0.95;single:0.6;전시/행사;인터파크실시간,2026-07-26 16:53:11
전시/행사,26007877,쿠이료코전 ＆ 던전밥 미궁탐색展_IN SEOUL,성수 에스팩토리 D동 3층,2026-06-20,2026-08-30,2,0.4%,39,https://tickets.interpark.com//ticket.interpark.com/Tiki/Main/TiKiGoodsinfo.asp?GoodsCode=26007877,//ticketimage.interpark.com/Play/image/large/26/26007877_p.gif,family:0.7;couple:0.95;single:0.6;전시/행사;인터파크실시간,2026-07-26 16:53:11
전시/행사,26008615,고스트 바둑왕 원화전,대원뮤지엄 팝콘D스퀘어,2026-06-27,2026-08-23,2,0.4%,39,https://tickets.interpark.com//ticket.interpark.com/Tiki/Main/TiKiGoodsinfo.asp?GoodsCode=26008615,//ticketimage.interpark.com/Play/image/large/26/26008615_p.gif,family:0.7;couple:0.95;single:0.6;전시/행사;인터파크실시간,2026-07-26 16:53:11
전시/행사,26002980,［7월 한정 30% 할인+엽서 증정］ 마리 로랑생 회고전,마이아트뮤지엄,2026-04-10,2026-08-23,2,0.4%,39,https://tickets.interpark.com//ticket.interpark.com/Tiki/Main/TiKiGoodsinfo.asp?GoodsCode=26002980,//ticketimage.interpark.com/Play/image/large/26/26002980_p.gif,family:0.7;couple:0.95;single:0.6;전시/행사;인터파크실시간,2026-07-26 16:53:11
전시/행사,26010356,［개막특가］ 이기훈 원화전: 내일의 낙원,그라운드시소 이스트,2026-07-17,2026-11-29,2,0.4%,39,https://tickets.interpark.com//ticket.interpark.com/Tiki/Main/TiKiGoodsinfo.asp?GoodsCode=26010356,//ticketimage.interpark.com/Play/image/large/26/26010356_p.gif,family:0.7;couple:0.95;single:0.6;전시/행사;인터파크실시간,2026-07-26 16:53:11
전시/행사,25005022,2026 순천만국가정원 입장권,순천만국가정원,2025-04-08,2026-12-31,2,0.4%,39,https://tickets.interpark.com//ticket.interpark.com/Tiki/Main/TiKiGoodsinfo.asp?GoodsCode=25005022,//ticketimage.interpark.com/Play/image/large/25/25005022_p.gif,family:0.7;couple:0.95;single:0.6;전시/행사;인터파크실시간,2026-07-26 16:53:11
전시/행사,26009504,［썸머 할인 50%］ 슈타이들 북 컬처 - 광주,국립아시아문화전당 뉴스뮤지엄 ACC,2026-07-03,2026-08-30,1,0.4%,39,https://tickets.interpark.com//ticket.interpark.com/Tiki/Main/TiKiGoodsinfo.asp?GoodsCode=26009504,//ticketimage.interpark.com/Play/image/large/26/26009504_p.gif,family:0.7;couple:0.95;single:0.6;전시/행사;인터파크실시간,2026-07-26 16:53:11
전시/행사,26010339,개그콘서트_제14회 부산국제코미디페스티벌,영화의전당 하늘연극장,2026-08-22,2026-08-22,2,0.3%,45,https://tickets.interpark.com//ticket.interpark.com/Tiki/Main/TiKiGoodsinfo.asp?GoodsCode=26010339,//ticketimage.interpark.com/Play/image/large/26/26010339_p.gif,family:0.7;couple:0.95;single:0.6;전시/행사;인터파크실시간,2026-07-26 16:53:11
전시/행사,26006434,"스페인의 거장 고야: 이성이 잠들 때, 괴물이 깨어난다展",예술의전당 한가람미술관 제7전시실,2026-06-26,2026-09-30,2,0.3%,45,https://tickets.interpark.com//ticket.interpark.com/Tiki/Main/TiKiGoodsinfo.asp?GoodsCode=26006434,//ticketimage.interpark.com/Play/image/large/26/26006434_p.gif,family:0.7;couple:0.95;single:0.6;전시/행사;인터파크실시간,2026-07-26 16:53:11
전시/행사,26005974,그림책이 살아있다!,소마미술관 2관,2026-04-17,2026-09-06,2,0.3%,45,https://tickets.interpark.com//ticket.interpark.com/Tiki/Main/TiKiGoodsinfo.asp?GoodsCode=26005974,//ticketimage.interpark.com/Play/image/large/26/26005974_p.gif,family:0.7;couple:0.95;single:0.6;전시/행사;인터파크실시간,2026-07-26 16:53:11
전시/행사,26010358,서울코미디올스타스_제14회 부산국제코미디페스티벌,영화의전당 하늘연극장,2026-08-29,2026-08-29,2,0.3%,48,https://tickets.interpark.com//ticket.interpark.com/Tiki/Main/TiKiGoodsinfo.asp?GoodsCode=26010358,//ticketimage.interpark.com/Play/image/large/26/26010358_p.gif,family:0.7;couple:0.95;single:0.6;전시/행사;인터파크실시간,2026-07-26 16:53:11
전시/행사,P0004726,2026 상상톡톡미술관 기획전시 〈빠씨를 찾아서〉,꿈의숲_상상톡톡미술관,2026-07-11,2026-10-25,2,0.3%,48,https://tickets.interpark.com//ticket.interpark.com/Tiki/Main/TiKiGoodsinfo.asp?GoodsCode=P0004726,//ticketimage.interpark.com/Play/image/large/P0/P0004726_p.gif,family:0.7;couple:0.95;single:0.6;전시/행사;인터파크실시간,2026-07-26 16:53:11
전시/행사,26006318,［굿바이40%할인］ 상상력 옷장,마이아트뮤지엄 원그로브점,2026-04-24,2026-08-23,2,0.3%,48,https://tickets.interpark.com//ticket.interpark.com/Tiki/Main/TiKiGoodsinfo.asp?GoodsCode=26006318,//ticketimage.interpark.com/Play/image/large/26/26006318_p.gif,family:0.7;couple:0.95;single:0.6;전시/행사;인터파크실시간,2026-07-26 16:53:11
가족/어린이/아동,26005533,2026 뮤지컬 〈숲속 100층짜리 집〉,성균관대학교 새천년홀,2026-07-03,2026-08-17,9,12.5%,1,https://tickets.interpark.com//ticket.interpark.com/Tiki/Main/TiKiGoodsinfo.asp?GoodsCode=26005533,//ticketimage.interpark.com/Play/image/large/26/26005533_p.gif,family:0.5;couple:0.6;single:0.6;가족/어린이/아동;인터파크실시간,2026-07-26 16:53:11
가족/어린이/아동,26006254,송승환의 가족뮤지컬 〈더 스토리 오브 언더더씨〉 - 서울,올림픽공원 우리금융아트홀,2026-07-10,2026-08-23,8,6.5%,2,https://tickets.interpark.com//ticket.interpark.com/Tiki/Main/TiKiGoodsinfo.asp?GoodsCode=26006254,//ticketimage.interpark.com/Play/image/large/26/26006254_p.gif,family:0.5;couple:0.6;single:0.6;가족/어린이/아동;인터파크실시간,2026-07-26 16:53:11
가족/어린이/아동,26005904,［해피 마포 와글와글］ 이머시브 뮤지컬 〈고래밥 - 바다 대운동회〉,마포아트센터 아트홀맥,2026-07-24,2026-08-16,7,5.5%,3,https://tickets.interpark.com//ticket.interpark.com/Tiki/Main/TiKiGoodsinfo.asp?GoodsCode=26005904,//ticketimage.interpark.com/Play/image/large/26/26005904_p.gif,family:0.5;couple:0.6;single:0.6;가족/어린이/아동;인터파크실시간,2026-07-26 16:53:11
가족/어린이/아동,26005128,뮤지컬 〈할머니의 여름휴가 : 씨씨상점〉,국립중앙박물관 극장 용,2026-07-04,2026-08-30,7,5.2%,4,https://tickets.interpark.com//ticket.interpark.com/Tiki/Main/TiKiGoodsinfo.asp?GoodsCode=26005128,//ticketimage.interpark.com/Play/image/large/26/26005128_p.gif,family:0.5;couple:0.6;single:0.6;가족/어린이/아동;인터파크실시간,2026-07-26 16:53:11
가족/어린이/아동,26001516,뮤지컬 〈장수탕 선녀님〉 - 서울어린이대공원,서울어린이대공원 아트센터,2026-03-14,2026-11-29,7,4.8%,5,https://tickets.interpark.com//ticket.interpark.com/Tiki/Main/TiKiGoodsinfo.asp?GoodsCode=26001516,//ticketimage.interpark.com/Play/image/large/26/26001516_p.gif,family:0.5;couple:0.6;single:0.6;가족/어린이/아동;인터파크실시간,2026-07-26 16:53:11
가족/어린이/아동,24002778,시간을 파는 상점,파랑씨어터,2024-03-15,2026-08-30,6,3.5%,6,https://tickets.interpark.com//ticket.interpark.com/Tiki/Main/TiKiGoodsinfo.asp?GoodsCode=24002778,//ticketimage.interpark.com/Play/image/large/24/24002778_p.gif,family:0.5;couple:0.6;single:0.6;가족/어린이/아동;인터파크실시간,2026-07-26 16:53:11
가족/어린이/아동,25002679,뮤지컬 〈알사탕〉 - 서울숲,서울숲 씨어터 1관,2025-03-29,2026-08-30,6,3.4%,7,https://tickets.interpark.com//ticket.interpark.com/Tiki/Main/TiKiGoodsinfo.asp?GoodsCode=25002679,//ticketimage.interpark.com/Play/image/large/25/25002679_p.gif,family:0.5;couple:0.6;single:0.6;가족/어린이/아동;인터파크실시간,2026-07-26 16:53:11
가족/어린이/아동,26007319,쇼뮤지컬 〈시크릿쥬쥬 : 별의보석〉 - 잃어버린 빛을 찾아서,NOL 씨어터 합정 동양생명홀,2026-07-24,2026-08-09,6,2.9%,8,https://tickets.interpark.com//ticket.interpark.com/Tiki/Main/TiKiGoodsinfo.asp?GoodsCode=26007319,//ticketimage.interpark.com/Play/image/large/26/26007319_p.gif,family:0.5;couple:0.6;single:0.6;가족/어린이/아동;인터파크실시간,2026-07-26 16:53:11
가족/어린이/아동,26006730,가족뮤지컬 〈넘버블록스〉 - 성남,성남아트센터 오페라하우스,2026-08-01,2026-08-02,6,2.2%,9,https://tickets.interpark.com//ticket.interpark.com/Tiki/Main/TiKiGoodsinfo.asp?GoodsCode=26006730,//ticketimage.interpark.com/Play/image/large/26/26006730_p.gif,family:0.5;couple:0.6;single:0.6;가족/어린이/아동;인터파크실시간,2026-07-26 16:53:11
가족/어린이/아동,26008900,브레드이발소 : 여름방학 특별전 in 한남,블루스퀘어 NEMO,2026-07-16,2026-09-06,4,2.2%,9,https://tickets.interpark.com//ticket.interpark.com/Tiki/Main/TiKiGoodsinfo.asp?GoodsCode=26008900,//ticketimage.interpark.com/Play/image/large/26/26008900_p.gif,family:0.5;couple:0.6;single:0.6;가족/어린이/아동;인터파크실시간,2026-07-26 16:53:11
가족/어린이/아동,26009727,쇼뮤지컬 〈프린세스 캐치! 티니핑〉 - 춘천,강원대학교 백령아트센터,2026-09-12,2026-09-13,5,1.6%,11,https://tickets.interpark.com//ticket.interpark.com/Tiki/Main/TiKiGoodsinfo.asp?GoodsCode=26009727,//ticketimage.interpark.com/Play/image/large/26/26009727_p.gif,family:0.5;couple:0.6;single:0.6;가족/어린이/아동;인터파크실시간,2026-07-26 16:53:11
가족/어린이/아동,26009716,쇼뮤지컬 〈프린세스 캐치! 티니핑〉 - 창원,창원 3.15아트센터 대극장,2026-09-05,2026-09-06,5,1.6%,11,https://tickets.interpark.com//ticket.interpark.com/Tiki/Main/TiKiGoodsinfo.asp?GoodsCode=26009716,//ticketimage.interpark.com/Play/image/large/26/26009716_p.gif,family:0.5;couple:0.6;single:0.6;가족/어린이/아동;인터파크실시간,2026-07-26 16:53:11
가족/어린이/아동,26009998,가족뮤지컬 〈넘버블록스〉 - 청주,청주예술의전당 대공연장,2026-08-22,2026-08-23,5,1.5%,13,https://tickets.interpark.com//ticket.interpark.com/Tiki/Main/TiKiGoodsinfo.asp?GoodsCode=26009998,//ticketimage.interpark.com/Play/image/large/26/26009998_p.gif,family:0.5;couple:0.6;single:0.6;가족/어린이/아동;인터파크실시간,2026-07-26 16:53:11
가족/어린이/아동,26008544,［대구］ 라이브 시트콤 뮤지컬 〈인싸가족〉,수성아트피아 대극장,2026-08-29,2026-08-30,4,1.5%,13,https://tickets.interpark.com//ticket.interpark.com/Tiki/Main/TiKiGoodsinfo.asp?GoodsCode=26008544,//ticketimage.interpark.com/Play/image/large/26/26008544_p.gif,family:0.5;couple:0.6;single:0.6;가족/어린이/아동;인터파크실시간,2026-07-26 16:53:11
가족/어린이/아동,26005873,라이브 시트콤 뮤지컬 〈인싸가족〉,티켓링크 1975 씨어터 (구 어린이회관 문화관),2026-07-25,2026-08-02,4,1.3%,15,https://tickets.interpark.com//ticket.interpark.com/Tiki/Main/TiKiGoodsinfo.asp?GoodsCode=26005873,//ticketimage.interpark.com/Play/image/large/26/26005873_p.gif,family:0.5;couple:0.6;single:0.6;가족/어린이/아동;인터파크실시간,2026-07-26 16:53:11
가족/어린이/아동,26010704,2026 뮤지컬 〈숲속 100층짜리 집〉 - 부산,KBS부산홀,2026-10-03,2026-10-04,4,1.3%,15,https://tickets.interpark.com//ticket.interpark.com/Tiki/Main/TiKiGoodsinfo.asp?GoodsCode=26010704,//ticketimage.interpark.com/Play/image/large/26/26010704_p.gif,family:0.5;couple:0.6;single:0.6;가족/어린이/아동;인터파크실시간,2026-07-26 16:53:11
가족/어린이/아동,26010595,가족뮤지컬 〈구름빵〉 - 완주,완주문예회관 대극장,2026-08-07,2026-08-07,1,1.3%,15,https://tickets.interpark.com//ticket.interpark.com/Tiki/Main/TiKiGoodsinfo.asp?GoodsCode=26010595,//ticketimage.interpark.com/Play/image/large/26/26010595_p.gif,family:0.5;couple:0.6;single:0.6;가족/어린이/아동;인터파크실시간,2026-07-26 16:53:11
가족/어린이/아동,26006268,"에바 알머슨의 프리미엄 가족 뮤지컬〈리나, 슈퍼히어로〉",한전아트센터,2026-07-10,2026-08-23,4,1.1%,18,https://tickets.interpark.com//ticket.interpark.com/Tiki/Main/TiKiGoodsinfo.asp?GoodsCode=26006268,//ticketimage.interpark.com/Play/image/large/26/26006268_p.gif,family:0.5;couple:0.6;single:0.6;가족/어린이/아동;인터파크실시간,2026-07-26 16:53:11
가족/어린이/아동,26009221,"뮤지컬 멜로우TV 〈Run it up, 팀 나빠〉 - 수원",경기아트센터 대극장,2026-08-29,2026-08-30,4,1.1%,18,https://tickets.interpark.com//ticket.interpark.com/Tiki/Main/TiKiGoodsinfo.asp?GoodsCode=26009221,//ticketimage.interpark.com/Play/image/large/26/26009221_p.gif,family:0.5;couple:0.6;single:0.6;가족/어린이/아동;인터파크실시간,2026-07-26 16:53:11
가족/어린이/아동,26007640,용인어린이상상의숲 환경 퍼포먼스〈싸운드써커스〉,용인어린이상상의숲 공연놀이터,2026-06-20,2026-08-16,2,1.1%,18,https://tickets.interpark.com//ticket.interpark.com/Tiki/Main/TiKiGoodsinfo.asp?GoodsCode=26007640,//ticketimage.interpark.com/Play/image/large/26/26007640_p.gif,family:0.5;couple:0.6;single:0.6;가족/어린이/아동;인터파크실시간,2026-07-26 16:53:11
가족/어린이/아동,26010547,2026 어린이 아트스테이지〈꼬마장승 가출기〉 - 김포,통진두레문화센터 두레홀,2026-08-29,2026-08-30,2,1.1%,18,https://tickets.interpark.com//ticket.interpark.com/Tiki/Main/TiKiGoodsinfo.asp?GoodsCode=26010547,//ticketimage.interpark.com/Play/image/large/26/26010547_p.gif,family:0.5;couple:0.6;single:0.6;가족/어린이/아동;인터파크실시간,2026-07-26 16:53:11
가족/어린이/아동,26007680,뮤지컬 헬로카봇 〈카봇크루가 되어줘!〉,백암아트홀,2026-07-25,2026-08-23,4,1%,22,https://tickets.interpark.com//ticket.interpark.com/Tiki/Main/TiKiGoodsinfo.asp?GoodsCode=26007680,//ticketimage.interpark.com/Play/image/large/26/26007680_p.gif,family:0.5;couple:0.6;single:0.6;가족/어린이/아동;인터파크실시간,2026-07-26 16:53:11
가족/어린이/아동,26009286,뮤지컬 최고다 호기심딱지 시즌4 〈우리 몸은 우리가 지킨다!〉 - 천안,천안시성환문화회관 대공연장,2026-09-19,2026-09-20,4,1%,22,https://tickets.interpark.com//ticket.interpark.com/Tiki/Main/TiKiGoodsinfo.asp?GoodsCode=26009286,//ticketimage.interpark.com/Play/image/large/26/26009286_p.gif,family:0.5;couple:0.6;single:0.6;가족/어린이/아동;인터파크실시간,2026-07-26 16:53:11
가족/어린이/아동,26009615,베베핀 뮤지컬 〈두근두근 새친구〉 - 인천,인천서구문화회관 대공연장,2026-08-29,2026-08-30,4,1%,24,https://tickets.interpark.com//ticket.interpark.com/Tiki/Main/TiKiGoodsinfo.asp?GoodsCode=26009615,//ticketimage.interpark.com/Play/image/large/26/26009615_p.gif,family:0.5;couple:0.6;single:0.6;가족/어린이/아동;인터파크실시간,2026-07-26 16:53:11
가족/어린이/아동,26009927,가족뮤지컬 〈코밈〉 - 서울,JTBC스튜디오일산,2026-10-03,2026-10-11,4,0.9%,25,https://tickets.interpark.com//ticket.interpark.com/Tiki/Main/TiKiGoodsinfo.asp?GoodsCode=26009927,//ticketimage.interpark.com/Play/image/large/26/26009927_p.gif,family:0.5;couple:0.6;single:0.6;가족/어린이/아동;인터파크실시간,2026-07-26 16:53:11
가족/어린이/아동,26009893,쇼뮤지컬 〈프린세스 캐치! 티니핑〉 - 전주,한국소리문화의전당 모악당,2026-10-10,2026-10-11,3,0.8%,26,https://tickets.interpark.com//ticket.interpark.com/Tiki/Main/TiKiGoodsinfo.asp?GoodsCode=26009893,//ticketimage.interpark.com/Play/image/large/26/26009893_p.gif,family:0.5;couple:0.6;single:0.6;가족/어린이/아동;인터파크실시간,2026-07-26 16:53:11
가족/어린이/아동,26006708,"뮤지컬 멜로우TV 〈Run it up, 팀 나빠〉 - 고양",고양어울림누리 어울림극장,2026-08-01,2026-08-02,3,0.8%,26,https://tickets.interpark.com//ticket.interpark.com/Tiki/Main/TiKiGoodsinfo.asp?GoodsCode=26006708,//ticketimage.interpark.com/Play/image/large/26/26006708_p.gif,family:0.5;couple:0.6;single:0.6;가족/어린이/아동;인터파크실시간,2026-07-26 16:53:11
가족/어린이/아동,26005667,용인어린이상상의숲 미술놀이터 〈색깔 없은 식물원은 심심해〉,용인어린이상상의숲 미술놀이터,2026-04-22,2026-12-31,1,0.8%,26,https://tickets.interpark.com//ticket.interpark.com/Tiki/Main/TiKiGoodsinfo.asp?GoodsCode=26005667,//ticketimage.interpark.com/Play/image/large/26/26005667_p.gif,family:0.5;couple:0.6;single:0.6;가족/어린이/아동;인터파크실시간,2026-07-26 16:53:11
가족/어린이/아동,26010668,2026 뮤지컬 〈숲속 100층짜리 집〉 - 대전,대전 우송예술회관,2026-10-31,2026-11-01,3,0.7%,29,https://tickets.interpark.com//ticket.interpark.com/Tiki/Main/TiKiGoodsinfo.asp?GoodsCode=26010668,//ticketimage.interpark.com/Play/image/large/26/26010668_p.gif,family:0.5;couple:0.6;single:0.6;가족/어린이/아동;인터파크실시간,2026-07-26 16:53:11
가족/어린이/아동,26009863,바다탐험대 옥토넛 시즌4 : 숨겨진 보물을 찾아라! - 안산,안산문화예술의전당 달맞이극장,2026-09-05,2026-09-06,3,0.7%,29,https://tickets.interpark.com//ticket.interpark.com/Tiki/Main/TiKiGoodsinfo.asp?GoodsCode=26009863,//ticketimage.interpark.com/Play/image/large/26/26009863_p.gif,family:0.5;couple:0.6;single:0.6;가족/어린이/아동;인터파크실시간,2026-07-26 16:53:11
가족/어린이/아동,26008302,바다탐험대 옥토넛 시즌4 : 숨겨진 보물을 찾아라! - 인천,인천문화예술회관 소공연장,2026-08-29,2026-08-30,3,0.7%,29,https://tickets.interpark.com//ticket.interpark.com/Tiki/Main/TiKiGoodsinfo.asp?GoodsCode=26008302,//ticketimage.interpark.com/Play/image/large/26/26008302_p.gif,family:0.5;couple:0.6;single:0.6;가족/어린이/아동;인터파크실시간,2026-07-26 16:53:11
가족/어린이/아동,26008394,꾸러기음악회-신기한 악기의 세계,국립극장 하늘극장,2026-08-15,2026-08-16,3,0.7%,32,https://tickets.interpark.com//ticket.interpark.com/Tiki/Main/TiKiGoodsinfo.asp?GoodsCode=26008394,//ticketimage.interpark.com/Play/image/large/26/26008394_p.gif,family:0.5;couple:0.6;single:0.6;가족/어린이/아동;인터파크실시간,2026-07-26 16:53:11
가족/어린이/아동,26008012,베베핀 뮤지컬 〈두근두근 새친구〉 - 서울,성신여대 운정그린캠퍼스 대강당,2026-07-29,2026-08-02,3,0.7%,32,https://tickets.interpark.com//ticket.interpark.com/Tiki/Main/TiKiGoodsinfo.asp?GoodsCode=26008012,//ticketimage.interpark.com/Play/image/large/26/26008012_p.gif,family:0.5;couple:0.6;single:0.6;가족/어린이/아동;인터파크실시간,2026-07-26 16:53:11
가족/어린이/아동,26006975,패브릭오브제극 〈코 잃은 코끼리 코바〉 2026 어린이 가족 페스티벌,예술의전당 자유소극장,2026-07-30,2026-08-09,2,0.7%,32,https://tickets.interpark.com//ticket.interpark.com/Tiki/Main/TiKiGoodsinfo.asp?GoodsCode=26006975,//ticketimage.interpark.com/Play/image/large/26/26006975_p.gif,family:0.5;couple:0.6;single:0.6;가족/어린이/아동;인터파크실시간,2026-07-26 16:53:11
가족/어린이/아동,25015122,아주아주 배고픈 애벌레 쇼 - 영어,NOL씨어터 합정 ABL생명홀,2025-11-21,2026-09-27,2,0.7%,32,https://tickets.interpark.com//ticket.interpark.com/Tiki/Main/TiKiGoodsinfo.asp?GoodsCode=25015122,//ticketimage.interpark.com/Play/image/large/25/25015122_p.gif,family:0.5;couple:0.6;single:0.6;가족/어린이/아동;인터파크실시간,2026-07-26 16:53:11
가족/어린이/아동,25013600,아주아주 배고픈 애벌레 쇼 - 한국어,NOL씨어터 합정 ABL생명홀,2025-10-24,2026-09-27,2,0.7%,32,https://tickets.interpark.com//ticket.interpark.com/Tiki/Main/TiKiGoodsinfo.asp?GoodsCode=25013600,//ticketimage.interpark.com/Play/image/large/25/25013600_p.gif,family:0.5;couple:0.6;single:0.6;가족/어린이/아동;인터파크실시간,2026-07-26 16:53:11
가족/어린이/아동,26005397,★여름방학특집★ 코미디게임,K-POP STAGE,2026-04-18,2026-08-30,2,0.7%,32,https://tickets.interpark.com//ticket.interpark.com/Tiki/Main/TiKiGoodsinfo.asp?GoodsCode=26005397,//ticketimage.interpark.com/Play/image/large/26/26005397_p.gif,family:0.5;couple:0.6;single:0.6;가족/어린이/아동;인터파크실시간,2026-07-26 16:53:11
가족/어린이/아동,26006425,오리지널 과학마술콘서트 시즌2 (북서울),꿈의숲 아트센터 퍼포먼스홀,2026-07-30,2026-08-16,2,0.7%,32,https://tickets.interpark.com//ticket.interpark.com/Tiki/Main/TiKiGoodsinfo.asp?GoodsCode=26006425,//ticketimage.interpark.com/Play/image/large/26/26006425_p.gif,family:0.5;couple:0.6;single:0.6;가족/어린이/아동;인터파크실시간,2026-07-26 16:53:11
가족/어린이/아동,26008710,쇼뮤지컬 〈프린세스 캐치! 티니핑〉 - 안양,안양아트센터 관악홀,2026-08-29,2026-08-30,3,0.6%,39,https://tickets.interpark.com//ticket.interpark.com/Tiki/Main/TiKiGoodsinfo.asp?GoodsCode=26008710,//ticketimage.interpark.com/Play/image/large/26/26008710_p.gif,family:0.5;couple:0.6;single:0.6;가족/어린이/아동;인터파크실시간,2026-07-26 16:53:11
가족/어린이/아동,26008949,뮤지컬 타키포오 ［몬스터 전쟁의 서막 ; 더 좀비］ - 용인,용인시문예회관 처인홀,2026-08-29,2026-08-30,2,0.6%,39,https://tickets.interpark.com//ticket.interpark.com/Tiki/Main/TiKiGoodsinfo.asp?GoodsCode=26008949,//ticketimage.interpark.com/Play/image/large/26/26008949_p.gif,family:0.5;couple:0.6;single:0.6;가족/어린이/아동;인터파크실시간,2026-07-26 16:53:11
가족/어린이/아동,26009285,리얼공룡쇼 〈다이노〉 - 안산,안산문화예술의전당 달맞이극장,2026-08-08,2026-08-08,2,0.6%,39,https://tickets.interpark.com//ticket.interpark.com/Tiki/Main/TiKiGoodsinfo.asp?GoodsCode=26009285,//ticketimage.interpark.com/Play/image/large/26/26009285_p.gif,family:0.5;couple:0.6;single:0.6;가족/어린이/아동;인터파크실시간,2026-07-26 16:53:11
가족/어린이/아동,26007618,2026 가족퍼포먼스쇼 〈아쿠아쇼 - 바닷속버블왕국〉 - 성남,성남아트리움 대극장,2026-07-24,2026-07-26,2,0.6%,39,https://tickets.interpark.com//ticket.interpark.com/Tiki/Main/TiKiGoodsinfo.asp?GoodsCode=26007618,//ticketimage.interpark.com/Play/image/large/26/26007618_p.gif,family:0.5;couple:0.6;single:0.6;가족/어린이/아동;인터파크실시간,2026-07-26 16:53:11
가족/어린이/아동,26009234,도깨비 방망이,노원구민의전당 (구.노원구민회관),2026-08-01,2026-08-01,1,0.6%,39,https://tickets.interpark.com//ticket.interpark.com/Tiki/Main/TiKiGoodsinfo.asp?GoodsCode=26009234,//ticketimage.interpark.com/Play/image/large/26/26009234_p.gif,family:0.5;couple:0.6;single:0.6;가족/어린이/아동;인터파크실시간,2026-07-26 16:53:11
가족/어린이/아동,26009735,공룡 대발이 안전 어드벤처 - 현대백화점 킨텍스점,현대백화점 킨텍스점 9층 문화홀,2026-07-10,2026-08-02,1,0.6%,39,https://tickets.interpark.com//ticket.interpark.com/Tiki/Main/TiKiGoodsinfo.asp?GoodsCode=26009735,//ticketimage.interpark.com/Play/image/large/26/26009735_p.gif,family:0.5;couple:0.6;single:0.6;가족/어린이/아동;인터파크실시간,2026-07-26 16:53:11
가족/어린이/아동,26008940,무예뮤지컬 〈1790〉 - 수원,정조테마공연장,2026-08-08,2026-08-29,1,0.6%,39,https://tickets.interpark.com//ticket.interpark.com/Tiki/Main/TiKiGoodsinfo.asp?GoodsCode=26008940,//ticketimage.interpark.com/Play/image/large/26/26008940_p.gif,family:0.5;couple:0.6;single:0.6;가족/어린이/아동;인터파크실시간,2026-07-26 16:53:11
가족/어린이/아동,26008327,쇼뮤지컬 〈프린세스 캐치! 티니핑〉 - 천안,천안예술의전당 대공연장,2026-08-15,2026-08-16,2,0.5%,46,https://tickets.interpark.com//ticket.interpark.com/Tiki/Main/TiKiGoodsinfo.asp?GoodsCode=26008327,//ticketimage.interpark.com/Play/image/large/26/26008327_p.gif,family:0.5;couple:0.6;single:0.6;가족/어린이/아동;인터파크실시간,2026-07-26 16:53:11
가족/어린이/아동,26010137,뮤지컬 헬로카봇 〈카봇크루가 되어줘!〉 - 하남,하남문화예술회관 대극장(검단홀),2026-09-12,2026-09-13,2,0.5%,46,https://tickets.interpark.com//ticket.interpark.com/Tiki/Main/TiKiGoodsinfo.asp?GoodsCode=26010137,//ticketimage.interpark.com/Play/image/large/26/26010137_p.gif,family:0.5;couple:0.6;single:0.6;가족/어린이/아동;인터파크실시간,2026-07-26 16:53:11
가족/어린이/아동,26010229,뮤지컬 집사TV 시즌 2 Part.2 : 〈대저택 끝 없는 문〉 - 대전,대전 우송예술회관,2026-09-12,2026-09-13,2,0.5%,46,https://tickets.interpark.com//ticket.interpark.com/Tiki/Main/TiKiGoodsinfo.asp?GoodsCode=26010229,//ticketimage.interpark.com/Play/image/large/26/26010229_p.gif,family:0.5;couple:0.6;single:0.6;가족/어린이/아동;인터파크실시간,2026-07-26 16:53:11
가족/어린이/아동,26007627,뮤지컬 〈AI세계에서 살아남기〉 - 서울숲,서울숲 씨어터 2관,2026-07-28,2026-12-31,2,0.5%,46,https://tickets.interpark.com//ticket.interpark.com/Tiki/Main/TiKiGoodsinfo.asp?GoodsCode=26007627,//ticketimage.interpark.com/Play/image/large/26/26007627_p.gif,family:0.5;couple:0.6;single:0.6;가족/어린이/아동;인터파크실시간,2026-07-26 16:53:11
가족/어린이/아동,26010091,음악극 〈시인의 사랑〉,오류아트홀,2026-08-13,2026-08-14,2,0.5%,46,https://tickets.interpark.com//ticket.interpark.com/Tiki/Main/TiKiGoodsinfo.asp?GoodsCode=26010091,//ticketimage.interpark.com/Play/image/large/26/26010091_p.gif,family:0.5;couple:0.6;single:0.6;가족/어린이/아동;인터파크실시간,2026-07-26 16:53:11
