region,date,min_temp,max_temp,status,dust,updated_at
서울,2026-09-21,15.7,28.0,대체로 맑음,좋음,2026-09-21 22:20:56
서울,2026-09-22,16.9,27.3,대체로 맑음,-,2026-09-21 22:20:56
서울,2026-09-23,17.2,26.7,대체로 맑음,-,2026-09-21 22:20:56
서울,2026-09-24,17.1,27.1,흐림,-,2026-09-21 22:20:56
서울,2026-09-25,19.3,26.9,가벼운 이슬비,-,2026-09-21 22:20:56
서울,2026-09-26,17.6,28.4,흐림,-,2026-09-21 22:20:56
서울,2026-09-27,20.1,29.9,흐림,-,2026-09-21 22:20:56
인천,2026-09-21,15.2,27.4,대체로 맑음,좋음,2026-09-21 22:20:59
인천,2026-09-22,15.1,26.3,대체로 맑음,-,2026-09-21 22:20:59
인천,2026-09-23,16.4,24.6,대체로 맑음,-,2026-09-21 22:20:59
인천,2026-09-24,17.0,26.5,흐림,-,2026-09-21 22:20:59
인천,2026-09-25,18.3,26.9,보통 이슬비,-,2026-09-21 22:20:59
인천,2026-09-26,17.2,27.4,흐림,-,2026-09-21 22:20:59
인천,2026-09-27,19.9,28.3,흐림,-,2026-09-21 22:20:59
대전,2026-09-21,14.3,27.1,대체로 맑음,좋음,2026-09-21 22:21:01
대전,2026-09-22,15.3,26.1,대체로 맑음,-,2026-09-21 22:21:01
대전,2026-09-23,15.6,26.1,대체로 맑음,-,2026-09-21 22:21:01
대전,2026-09-24,16.3,26.5,흐림,-,2026-09-21 22:21:01
대전,2026-09-25,18.6,24.4,보통 이슬비,-,2026-09-21 22:21:01
대전,2026-09-26,17.0,26.9,흐림,-,2026-09-21 22:21:01
대전,2026-09-27,18.4,28.6,보통 이슬비,-,2026-09-21 22:21:01
대구,2026-09-21,16.3,27.3,대체로 맑음,좋음,2026-09-21 22:21:04
대구,2026-09-22,17.6,25.6,대체로 맑음,-,2026-09-21 22:21:04
대구,2026-09-23,16.3,26.1,구름조금,-,2026-09-21 22:21:04
대구,2026-09-24,17.1,30.1,흐림,-,2026-09-21 22:21:04
대구,2026-09-25,19.0,26.0,보통 이슬비,-,2026-09-21 22:21:04
대구,2026-09-26,17.7,27.1,흐림,-,2026-09-21 22:21:04
대구,2026-09-27,19.2,29.3,알수없음,-,2026-09-21 22:21:04
광주,2026-09-21,16.6,28.6,맑음,좋음,2026-09-21 22:21:07
광주,2026-09-22,17.7,27.5,구름조금,-,2026-09-21 22:21:07
광주,2026-09-23,16.7,27.0,구름조금,-,2026-09-21 22:21:07
광주,2026-09-24,16.6,28.8,흐림,-,2026-09-21 22:21:07
광주,2026-09-25,19.7,25.7,강한 이슬비,-,2026-09-21 22:21:07
광주,2026-09-26,17.6,26.6,흐림,-,2026-09-21 22:21:07
광주,2026-09-27,19.2,26.5,알수없음,-,2026-09-21 22:21:07
부산,2026-09-21,18.8,26.2,대체로 맑음,좋음,2026-09-21 22:21:09
부산,2026-09-22,19.8,25.6,대체로 맑음,-,2026-09-21 22:21:09
부산,2026-09-23,18.9,25.7,구름조금,-,2026-09-21 22:21:09
부산,2026-09-24,17.5,28.0,흐림,-,2026-09-21 22:21:09
부산,2026-09-25,18.2,24.6,가벼운 이슬비,-,2026-09-21 22:21:09
부산,2026-09-26,18.5,26.8,흐림,-,2026-09-21 22:21:09
부산,2026-09-27,19.8,25.4,알수없음,-,2026-09-21 22:21:09
울산,2026-09-21,17.5,25.3,대체로 맑음,좋음,2026-09-21 22:21:12
울산,2026-09-22,17.7,25.0,대체로 맑음,-,2026-09-21 22:21:12
울산,2026-09-23,16.5,25.0,대체로 맑음,-,2026-09-21 22:21:12
울산,2026-09-24,14.7,27.7,흐림,-,2026-09-21 22:21:12
울산,2026-09-25,16.7,25.3,가벼운 이슬비,-,2026-09-21 22:21:12
울산,2026-09-26,17.3,26.6,흐림,-,2026-09-21 22:21:12
울산,2026-09-27,18.2,25.1,소나기,-,2026-09-21 22:21:12
세종,2026-09-21,14.6,27.0,흐림,좋음,2026-09-21 22:21:15
세종,2026-09-22,15.5,26.5,대체로 맑음,-,2026-09-21 22:21:15
세종,2026-09-23,16.0,26.5,대체로 맑음,-,2026-09-21 22:21:15
세종,2026-09-24,16.2,26.4,흐림,-,2026-09-21 22:21:15
세종,2026-09-25,17.7,24.3,보통 이슬비,-,2026-09-21 22:21:15
세종,2026-09-26,16.1,26.9,흐림,-,2026-09-21 22:21:15
세종,2026-09-27,18.6,27.8,흐림,-,2026-09-21 22:21:15
수원,2026-09-21,13.5,26.8,구름조금,좋음,2026-09-21 22:21:17
수원,2026-09-22,13.4,26.6,대체로 맑음,-,2026-09-21 22:21:17
수원,2026-09-23,14.8,25.8,대체로 맑음,-,2026-09-21 22:21:17
수원,2026-09-24,15.9,26.7,흐림,-,2026-09-21 22:21:17
수원,2026-09-25,18.8,25.5,가벼운 이슬비,-,2026-09-21 22:21:17
수원,2026-09-26,16.7,27.9,흐림,-,2026-09-21 22:21:17
수원,2026-09-27,19.9,29.2,흐림,-,2026-09-21 22:21:17
춘천,2026-09-21,13.3,27.4,대체로 맑음,좋음,2026-09-21 22:21:19
춘천,2026-09-22,14.8,26.0,맑음,-,2026-09-21 22:21:19
춘천,2026-09-23,14.3,26.0,대체로 맑음,-,2026-09-21 22:21:19
춘천,2026-09-24,14.5,26.5,흐림,-,2026-09-21 22:21:19
춘천,2026-09-25,16.8,26.8,가벼운 이슬비,-,2026-09-21 22:21:19
춘천,2026-09-26,16.9,26.8,흐림,-,2026-09-21 22:21:19
춘천,2026-09-27,17.5,28.1,흐림,-,2026-09-21 22:21:19
청주,2026-09-21,15.8,27.1,대체로 맑음,좋음,2026-09-21 22:21:22
청주,2026-09-22,16.1,26.5,대체로 맑음,-,2026-09-21 22:21:22
청주,2026-09-23,16.3,26.3,대체로 맑음,-,2026-09-21 22:21:22
청주,2026-09-24,17.1,26.5,흐림,-,2026-09-21 22:21:22
청주,2026-09-25,18.5,25.4,가벼운 이슬비,-,2026-09-21 22:21:22
청주,2026-09-26,16.4,28.0,흐림,-,2026-09-21 22:21:22
청주,2026-09-27,18.7,29.0,가벼운 이슬비,-,2026-09-21 22:21:22
천안,2026-09-21,15.1,27.0,흐림,좋음,2026-09-21 22:21:24
천안,2026-09-22,15.2,26.5,대체로 맑음,-,2026-09-21 22:21:24
천안,2026-09-23,15.5,26.3,대체로 맑음,-,2026-09-21 22:21:24
천안,2026-09-24,16.4,25.6,흐림,-,2026-09-21 22:21:24
천안,2026-09-25,18.1,24.1,소나기,-,2026-09-21 22:21:24
천안,2026-09-26,16.1,26.7,흐림,-,2026-09-21 22:21:24
천안,2026-09-27,18.9,27.4,가벼운 이슬비,-,2026-09-21 22:21:24
전주,2026-09-21,16.1,28.0,맑음,좋음,2026-09-21 22:21:27
전주,2026-09-22,16.6,27.4,구름조금,-,2026-09-21 22:21:27
전주,2026-09-23,16.5,26.6,구름조금,-,2026-09-21 22:21:27
전주,2026-09-24,15.7,27.0,흐림,-,2026-09-21 22:21:27
전주,2026-09-25,18.4,25.0,보통 이슬비,-,2026-09-21 22:21:27
전주,2026-09-26,16.8,27.6,흐림,-,2026-09-21 22:21:27
전주,2026-09-27,19.0,27.9,소나기,-,2026-09-21 22:21:27
목포,2026-09-21,20.3,24.9,대체로 맑음,좋음,2026-09-21 22:21:30
목포,2026-09-22,21.0,26.0,대체로 맑음,-,2026-09-21 22:21:30
목포,2026-09-23,20.1,24.9,흐림,-,2026-09-21 22:21:30
목포,2026-09-24,19.3,27.5,흐림,-,2026-09-21 22:21:30
목포,2026-09-25,20.3,24.6,강한 이슬비,-,2026-09-21 22:21:30
목포,2026-09-26,19.4,26.2,가벼운 이슬비,-,2026-09-21 22:21:30
목포,2026-09-27,20.1,26.1,뇌우,-,2026-09-21 22:21:30
포항,2026-09-21,17.3,24.0,대체로 맑음,좋음,2026-09-21 22:21:32
포항,2026-09-22,19.3,24.4,대체로 맑음,-,2026-09-21 22:21:32
포항,2026-09-23,17.2,24.1,흐림,-,2026-09-21 22:21:32
포항,2026-09-24,15.5,27.8,흐림,-,2026-09-21 22:21:32
포항,2026-09-25,18.5,24.6,보통 이슬비,-,2026-09-21 22:21:32
포항,2026-09-26,16.8,25.4,흐림,-,2026-09-21 22:21:32
포항,2026-09-27,17.8,23.7,소나기,-,2026-09-21 22:21:32
창원,2026-09-21,15.2,27.0,대체로 맑음,좋음,2026-09-21 22:21:35
창원,2026-09-22,15.7,26.4,대체로 맑음,-,2026-09-21 22:21:35
창원,2026-09-23,15.3,26.0,구름조금,-,2026-09-21 22:21:35
창원,2026-09-24,14.9,28.8,흐림,-,2026-09-21 22:21:35
창원,2026-09-25,18.6,25.1,가벼운 이슬비,-,2026-09-21 22:21:35
창원,2026-09-26,18.5,27.0,흐림,-,2026-09-21 22:21:35
창원,2026-09-27,19.6,25.4,알수없음,-,2026-09-21 22:21:35
제주,2026-09-21,20.9,24.5,대체로 맑음,좋음,2026-09-21 22:21:37
제주,2026-09-22,20.8,25.2,구름조금,-,2026-09-21 22:21:37
제주,2026-09-23,20.7,24.8,구름조금,-,2026-09-21 22:21:37
제주,2026-09-24,20.1,25.7,가벼운 이슬비,-,2026-09-21 22:21:37
제주,2026-09-25,21.4,26.2,가벼운 이슬비,-,2026-09-21 22:21:37
제주,2026-09-26,21.7,23.9,알수없음,-,2026-09-21 22:21:37
제주,2026-09-27,22.8,27.9,뇌우,-,2026-09-21 22:21:37
